Brand,Model,Year,Condition,Mileage,Gearbox,Fiscal Power,Fuel,Equipment,Number of Doors,Origin,First Owner,Location,Sector,Price
Renault,EXPRESS,2021,New,55 000 - 59 999,Manual,6 CV,Diesel,"['Airbags', 'CD/MP3/Bluetooth', 'Air Conditioning', 'ESP', 'Speed Limiter', 'Onboard Computer', 'Cruise Control', 'Central Locking', 'Electric Windows']",5.0,WW in Morocco,No,Meknès,Other,148000.0
Dacia,Sandero,2022,Excellent,45 000 - 49 999,Manual,6 CV,Diesel,"['CD/MP3/Bluetooth', 'Air Conditioning', 'Cruise Control', 'Central Locking']",5.0,Customs-cleared car,No,Kénitra,Al Maghrib Al Arabi,128000.0
Renault,Kangoo,2008,Very Good,180 000 - 189 999,Manual,6 CV,Diesel,"['ABS', 'Airbags', 'CD/MP3/Bluetooth', 'Rear Camera', 'Air Conditioning', 'Alloy Wheels', 'Speed Limiter', 'Parking Sensors', 'Cruise Control', 'Navigation System/GPS', 'Central Locking', 'Electric Windows']",5.0,WW in Morocco,Yes,Casablanca,Al Madina Aljadida,45000.0
Ford,Focus,2009,Excellent,90 000 - 94 999,Manual,7 CV,Diesel,"['Alloy Wheels', 'Electric Windows']",5.0,WW in Morocco,No,Tanger,Other,85000.0
Dacia,Dokker,2015,Excellent,130 000 - 139 999,Manual,6 CV,Diesel,"['Alloy Wheels', 'Alloy Wheels']",,,,Casablanca,Sidi Bernoussi,102000.0
Renault,EXPRESS,2001,Excellent,40 000 - 44 999,Manual,5 CV,Diesel,"['Rear Camera', 'CD/MP3/Bluetooth']",3.0,WW in Morocco,No,Dakhla,Al Massira,53000.0
Renault,Clio,2012,Very Good,160 000 - 169 999,Manual,6 CV,Petrol,"['Leather Seats', 'Leather Seats']",5.0,Customs-cleared car,No,Fès,City Center,58000.0
Fiat,FIORINO,2019,Very Good,45 000 - 49 999,Manual,5 CV,Diesel,"['Airbags', 'Rear Camera', 'Onboard Computer', 'Parking Sensors', 'Central Locking']",5.0,,No,Agadir,Assaka,109000.0
Dacia,sandero_streetway,2023,Excellent,35 000 - 39 999,Manual,6 CV,Diesel,"['Leather Seats', 'Rear Camera']",5.0,WW in Morocco,Yes,Marrakech,Massira 1,
Volkswagen,Tiguan,2016,Very Good,200 000 - 249 999,Manual,8 CV,Diesel,"['ABS', 'CD/MP3/Bluetooth', 'Air Conditioning', 'ESP', 'Alloy Wheels', 'Speed Limiter', 'Onboard Computer', 'Parking Sensors', 'Cruise Control', 'Central Locking', 'Electric Windows']",5.0,WW in Morocco,No,Casablanca,Sbata,
Audi,RS3,2023,,0 - 4 999,Automatic,12 CV,Petrol,"['CD/MP3/Bluetooth', 'Electric Windows']",,Imported New,,Tanger,Draoua,
Isuzu,D-MAX,2008,Excellent,0 - 4 999,Automatic,10 CV,Diesel,"['Electric Windows', 'Alloy Wheels']",3.0,WW in Morocco,Yes,Béni Mellal,Toute la ville,130000.0
Seat,Leon,2012,Excellent,150 000 - 159 999,Manual,6 CV,Diesel,"['ABS', 'Airbags', 'CD/MP3/Bluetooth', 'Alloy Wheels', 'Speed Limiter', 'Parking Sensors', 'Cruise Control', 'Central Locking', 'Electric Windows']",5.0,WW in Morocco,No,Settat,Toute la ville,105000.0
Dacia,Logan,2018,Excellent,150 000 - 159 999,Manual,6 CV,Diesel,"['Leather Seats', 'Electric Windows']",5.0,WW in Morocco,No,Temara,Abbadi,87000.0
Renault,Kangoo,2018,New,120 000 - 129 999,Manual,6 CV,Diesel,"['Airbags', 'Electric Windows']",5.0,WW in Morocco,Yes,Ksar es-Seghir,Toute la ville,108000.0
Renault,Scenic,2001,Good,200 000 - 249 999,Manual,7 CV,Diesel,"['Rear Camera', 'Alloy Wheels']",5.0,WW in Morocco,,Salé,Ouled Moussa,65000.0
Volkswagen,Touareg,2009,Very Good,20 000 - 24 999,Automatic,12 CV,Diesel,"['Alloy Wheels', 'Leather Seats']",5.0,WW in Morocco,No,Salé,Tabriquet,75000.0
BMW,M4,2023,New,0 - 4 999,Automatic,18 CV,Petrol,"['ABS', 'Airbags', 'CD/MP3/Bluetooth', 'Rear Camera', 'Air Conditioning', 'ESP', 'Alloy Wheels', 'Speed Limiter', 'Onboard Computer', 'Parking Sensors', 'Cruise Control', 'Leather Seats', 'Central Locking', 'Electric Windows']",3.0,Imported New,Yes,Oujda,Hay El Qods,
Peugeot,106,1995,Fair,20 000 - 24 999,Manual,8 CV,Petrol,['Electric Windows'],5.0,WW in Morocco,No,Tanger,Ziatene,19000.0
Seat,Ibiza,2020,Very Good,80 000 - 84 999,Manual,6 CV,Petrol,"['ABS', 'Airbags', 'Air Conditioning', 'Central Locking', 'Electric Windows']",5.0,WW in Morocco,Yes,Casablanca,Bourgogne,125000.0
Volkswagen,Touareg,2018,New,170 000 - 179 999,Automatic,8 CV,Diesel,"['Airbags', 'CD/MP3/Bluetooth', 'Rear Camera', 'Air Conditioning', 'ESP', 'Alloy Wheels', 'Speed Limiter', 'Onboard Computer', 'Parking Sensors', 'Cruise Control', 'Leather Seats', 'Navigation System/GPS', 'Sunroof', 'Central Locking', 'Electric Windows']",5.0,WW in Morocco,Yes,Rabat,Hay Riad,
Volkswagen,GOLF 3,1996,Very Good,200 000 - 249 999,Manual,8 CV,Diesel,['Alloy Wheels'],5.0,Customs-cleared car,No,Khouribga,Toute la ville,43000.0
Nissan,Qashqai,2018,Very Good,200 000 - 249 999,Automatic,6 CV,Diesel,"['ABS', 'Airbags', 'CD/MP3/Bluetooth', 'Rear Camera', 'Air Conditioning', 'ESP', 'Alloy Wheels', 'Onboard Computer', 'Parking Sensors', 'Cruise Control', 'Leather Seats', 'Navigation System/GPS', 'Central Locking', 'Electric Windows']",5.0,WW in Morocco,No,Casablanca,Ain Sebaa,180000.0
Renault,19,1993,Very Good,130 000 - 139 999,Manual,7 CV,Diesel,"['Rear Camera', 'CD/MP3/Bluetooth']",5.0,Customs-cleared car,Yes,Kénitra,Ouled Arfa,45000.0
Dacia,sandero_stepway,2018,Very Good,60 000 - 64 999,Manual,6 CV,Diesel,"['ABS', 'Airbags', 'CD/MP3/Bluetooth', 'Rear Camera', 'Air Conditioning', 'Alloy Wheels', 'Speed Limiter', 'Onboard Computer', 'Parking Sensors', 'Cruise Control', 'Navigation System/GPS', 'Electric Windows']",5.0,WW in Morocco,No,El Jadida,City Center,119000.0
Volkswagen,GOLF 7,2014,New,160 000 - 169 999,Automatic,8 CV,Diesel,"['ABS', 'Airbags', 'CD/MP3/Bluetooth', 'Rear Camera', 'Air Conditioning', 'ESP', 'Alloy Wheels', 'Onboard Computer', 'Parking Sensors', 'Cruise Control', 'Leather Seats', 'Navigation System/GPS', 'Sunroof', 'Central Locking', 'Electric Windows']",5.0,Customs-cleared car,No,Casablanca,Casablanca Finance City,200000.0
Volvo,XC40,2022,Excellent,35 000 - 39 999,Automatic,8 CV,Hybrid,"['Airbags', 'Rear Camera', 'Air Conditioning', 'ESP', 'Alloy Wheels', 'Speed Limiter', 'Cruise Control', 'Navigation System/GPS', 'Central Locking', 'Electric Windows']",5.0,WW in Morocco,Yes,Marrakech,Guéliz,
Kia,Sportage,2022,Excellent,70 000 - 74 999,Automatic,6 CV,Diesel,"['ABS', 'Airbags', 'CD/MP3/Bluetooth', 'Rear Camera', 'Air Conditioning', 'ESP', 'Alloy Wheels', 'Speed Limiter', 'Onboard Computer', 'Parking Sensors', 'Cruise Control', 'Navigation System/GPS', 'Central Locking']",5.0,WW in Morocco,Yes,Casablanca,Zone Industrielle,265000.0
Dacia,Logan,2018,Good,95 000 - 99 999,Manual,12 CV,Diesel,"['Airbags', 'Air Conditioning', 'Alloy Wheels', 'Navigation System/GPS', 'Electric Windows']",5.0,WW in Morocco,No,Agadir,Other,
Peugeot,2008,2016,Excellent,60 000 - 64 999,Manual,6 CV,Diesel,"['ABS', 'Airbags', 'CD/MP3/Bluetooth', 'Air Conditioning', 'Speed Limiter', 'Parking Sensors', 'Cruise Control', 'Central Locking']",5.0,WW in Morocco,Yes,Marrakech,Targa,145000.0
Volkswagen,Touareg,2015,Excellent,95 000 - 99 999,Automatic,12 CV,Diesel,"['Rear Camera', 'CD/MP3/Bluetooth']",5.0,WW in Morocco,No,Tanger,Iberie,175000.0
Peugeot,208,2019,Excellent,65 000 - 69 999,Manual,7 CV,Diesel,"['Rear Camera', 'CD/MP3/Bluetooth']",,,Yes,Tanger,Tanger City Center,125000.0
Volkswagen,Tiguan,2016,New,120 000 - 129 999,Manual,8 CV,Diesel,"['ABS', 'CD/MP3/Bluetooth', 'Speed Limiter', 'Onboard Computer', 'Cruise Control', 'Central Locking', 'Electric Windows']",5.0,WW in Morocco,Yes,Ain Aouda,Toute la ville,
Hyundai,Santa Fe,2021,Excellent,100 000 - 109 999,Automatic,9 CV,Diesel,"['ABS', 'Airbags', 'CD/MP3/Bluetooth', 'Rear Camera', 'Air Conditioning', 'ESP', 'Alloy Wheels', 'Speed Limiter', 'Onboard Computer', 'Parking Sensors', 'Cruise Control', 'Leather Seats', 'Navigation System/GPS', 'Electric Windows']",5.0,WW in Morocco,Yes,Oujda,City Center,300000.0
Alfa Romeo,Giulietta,2016,Very Good,140 000 - 149 999,Manual,8 CV,Diesel,"['ABS', 'Airbags', 'CD/MP3/Bluetooth', 'Speed Limiter', 'Cruise Control']",5.0,WW in Morocco,,Casablanca,2 Mars,105000.0
Peugeot,301,2022,Excellent,80 000 - 84 999,Manual,6 CV,Diesel,"['ABS', 'Airbags', 'CD/MP3/Bluetooth', 'Air Conditioning', 'ESP', 'Navigation System/GPS', 'Central Locking', 'Electric Windows']",5.0,WW in Morocco,No,El Jadida,Najd,130000.0
Seat,ALTEA XL,2016,Very Good,95 000 - 99 999,Manual,6 CV,Diesel,"['Electric Windows', 'Electric Windows']",5.0,WW in Morocco,Yes,Casablanca,Belvédère,128000.0
Dacia,Sandero,2018,Excellent,60 000 - 64 999,Manual,6 CV,Diesel,"['CD/MP3/Bluetooth', 'Air Conditioning', 'Onboard Computer', 'Parking Sensors', 'Navigation System/GPS', 'Electric Windows']",5.0,WW in Morocco,No,Ouled Ayad,Toute la ville,125000.0
Kia,Rio,2020,Excellent,50 000 - 54 999,Manual,8 CV,Petrol,"['Airbags', 'Rear Camera', 'Air Conditioning', 'Alloy Wheels', 'Navigation System/GPS', 'Central Locking', 'Electric Windows']",5.0,WW in Morocco,Yes,Nador,City Center,130000.0
Citroen,C3 Aircross,2023,Excellent,25 000 - 29 999,Manual,7 CV,Diesel,"['ABS', 'CD/MP3/Bluetooth', 'Air Conditioning', 'Speed Limiter', 'Central Locking', 'Electric Windows']",,WW in Morocco,Yes,Salé,Sala El Jadida,
Renault,Clio,2018,Very Good,110 000 - 119 999,Manual,6 CV,Diesel,"['Leather Seats', 'Electric Windows']",5.0,,No,Casablanca,Oulfa,100000.0
Dacia,Dokker,2019,Very Good,130 000 - 139 999,Manual,6 CV,Diesel,"['Leather Seats', 'Rear Camera']",5.0,,Yes,Casablanca,Oulfa,112000.0
Volkswagen,Passat,2012,Excellent,10 000 - 14 999,Manual,8 CV,Diesel,"['CD/MP3/Bluetooth', 'Rear Camera', 'Air Conditioning', 'ESP', 'Alloy Wheels', 'Onboard Computer', 'Parking Sensors', 'Cruise Control', 'Central Locking', 'Electric Windows']",5.0,WW in Morocco,No,Safi,Bled Eljed,120000.0
Hyundai,grand_santa_fe,2008,Very Good,110 000 - 119 999,Automatic,8 CV,Diesel,"['ABS', 'Airbags', 'Air Conditioning', 'Alloy Wheels', 'Navigation System/GPS', 'Central Locking', 'Electric Windows']",5.0,WW in Morocco,Yes,Guelmim,Toute la ville,75000.0
BMW,Serie 4 gran coupé,2018,Excellent,75 000 - 79 999,Automatic,8 CV,Diesel,"['ABS', 'Airbags', 'CD/MP3/Bluetooth', 'Rear Camera', 'Air Conditioning', 'ESP', 'Speed Limiter', 'Onboard Computer', 'Parking Sensors', 'Cruise Control', 'Leather Seats', 'Navigation System/GPS', 'Central Locking', 'Electric Windows']",5.0,WW in Morocco,Yes,Casablanca,Bourgogne,
Dacia,Dokker,2015,Excellent,200 000 - 249 999,Manual,6 CV,Diesel,"['Leather Seats', 'Leather Seats']",,,,Casablanca,Errahma,
73,595,2021,Excellent,50 000 - 54 999,Automatic,8 CV,Petrol,"['ABS', 'CD/MP3/Bluetooth', 'Rear Camera', 'Air Conditioning', 'ESP', 'Alloy Wheels', 'Speed Limiter', 'Onboard Computer', 'Parking Sensors', 'Cruise Control', 'Leather Seats', 'Navigation System/GPS', 'Sunroof', 'Central Locking', 'Electric Windows']",3.0,WW in Morocco,Yes,Casablanca,Alsace Lorraine,
Audi,Q5,2022,Very Good,45 000 - 49 999,Automatic,8 CV,Diesel,"['ABS', 'Airbags', 'CD/MP3/Bluetooth', 'Rear Camera', 'Air Conditioning', 'Alloy Wheels', 'Speed Limiter', 'Onboard Computer', 'Parking Sensors', 'Cruise Control', 'Leather Seats', 'Navigation System/GPS', 'Central Locking', 'Electric Windows']",5.0,WW in Morocco,No,Rabat,Other,
Skoda,Karoq,2020,Excellent,140 000 - 149 999,Automatic,6 CV,Diesel,"['ABS', 'Airbags', 'CD/MP3/Bluetooth', 'Rear Camera', 'Air Conditioning', 'ESP', 'Alloy Wheels', 'Speed Limiter', 'Onboard Computer', 'Parking Sensors', 'Navigation System/GPS', 'Central Locking', 'Electric Windows']",5.0,Customs-cleared car,Yes,Kénitra,Al Maghrib Al Arabi,263000.0
Audi,q3_sportback,2020,Excellent,90 000 - 94 999,Automatic,8 CV,Diesel,"['ABS', 'Airbags', 'CD/MP3/Bluetooth', 'Rear Camera', 'Air Conditioning', 'ESP', 'Alloy Wheels', 'Speed Limiter', 'Onboard Computer', 'Parking Sensors', 'Leather Seats', 'Navigation System/GPS', 'Sunroof', 'Central Locking', 'Electric Windows']",,Customs-cleared car,,Rabat,Yacoub El Mansour,
Dacia,Duster,2018,Very Good,130 000 - 139 999,Manual,6 CV,Diesel,"['ABS', 'Airbags', 'CD/MP3/Bluetooth', 'Air Conditioning', 'ESP', 'Alloy Wheels', 'Speed Limiter', 'Parking Sensors', 'Cruise Control', 'Navigation System/GPS', 'Central Locking', 'Electric Windows']",5.0,Car not yet customs-cleared,No,Casablanca,Ain Sebaa,134000.0
Hyundai,ix 35,2012,Excellent,15 000 - 19 999,Manual,8 CV,Diesel,"['ABS', 'Airbags', 'CD/MP3/Bluetooth', 'Air Conditioning', 'ESP', 'Alloy Wheels', 'Speed Limiter', 'Onboard Computer', 'Parking Sensors', 'Cruise Control', 'Leather Seats', 'Navigation System/GPS', 'Sunroof', 'Electric Windows']",5.0,WW in Morocco,No,Salé,Hay Salam,140000.0
Fiat,Palio,1999,Good,0 - 4 999,Manual,6 CV,Petrol,"['Leather Seats', 'Rear Camera']",5.0,,,Zagora,Toute la ville,27000.0
Skoda,Octavia,2016,New,140 000 - 149 999,Automatic,8 CV,Diesel,"['Leather Seats', 'Electric Windows']",3.0,WW in Morocco,Yes,Casablanca,Californie,
Hyundai,Santa Fe,2009,Good,140 000 - 149 999,Automatic,7 CV,Diesel,"['Airbags', 'Rear Camera', 'Air Conditioning', 'Parking Sensors', 'Cruise Control', 'Leather Seats', 'Sunroof', 'Electric Windows']",5.0,Imported New,Yes,Casablanca,Aïn Chock,80000.0
Citroen,C3,2017,Very Good,65 000 - 69 999,Manual,7 CV,Petrol,"['Rear Camera', 'Leather Seats']",5.0,WW in Morocco,Yes,Laâyoune,Toute la ville,98000.0
Ford,Fiesta,2016,Very Good,160 000 - 169 999,Manual,6 CV,Diesel,"['ABS', 'Air Conditioning']",5.0,,,Tanger,Port Tanger ville,
Audi,A6,2015,Excellent,200 000 - 249 999,Automatic,8 CV,Diesel,"['Rear Camera', 'Alloy Wheels']",5.0,WW in Morocco,No,Casablanca,Sidi Maarouf,185000.0
Kia,Picanto,2010,Very Good,10 000 - 14 999,Manual,5 CV,Petrol,"['Leather Seats', 'Alloy Wheels']",,,,Oujda,Andalous,54000.0
Dacia,Duster,2018,Very Good,200 000 - 249 999,Automatic,6 CV,Diesel,"['ABS', 'Airbags', 'CD/MP3/Bluetooth', 'Rear Camera', 'Air Conditioning', 'Alloy Wheels', 'Speed Limiter', 'Onboard Computer', 'Parking Sensors', 'Cruise Control', 'Navigation System/GPS', 'Electric Windows']",5.0,WW in Morocco,No,Marrakech,Allal El Fassi,140000.0
Volkswagen,e-golf,1992,Good,15 000 - 19 999,Manual,9 CV,Petrol,"['CD/MP3/Bluetooth', 'Electric Windows']",5.0,Customs-cleared car,No,Oujda,Hay Salam,
Mercedes-Benz,CLASSE ML,2008,Excellent,190 000 - 199 999,Automatic,12 CV,Diesel,"['ABS', 'CD/MP3/Bluetooth', 'Rear Camera', 'Air Conditioning', 'ESP', 'Alloy Wheels', 'Speed Limiter', 'Onboard Computer', 'Parking Sensors', 'Cruise Control', 'Leather Seats', 'Navigation System/GPS', 'Central Locking', 'Electric Windows']",5.0,Customs-cleared car,Yes,Casablanca,Belvédère,103000.0
Peugeot,2008,2021,Excellent,110 000 - 119 999,Automatic,6 CV,Diesel,"['ABS', 'Airbags', 'Rear Camera', 'Air Conditioning', 'ESP', 'Alloy Wheels', 'Speed Limiter', 'Onboard Computer', 'Parking Sensors', 'Cruise Control', 'Leather Seats', 'Navigation System/GPS', 'Central Locking', 'Electric Windows']",5.0,WW in Morocco,Yes,Casablanca,Ain Sebaa,235000.0
Volkswagen,Polo,2014,Very Good,250 000 - 299 999,Manual,5 CV,Diesel,"['Leather Seats', 'Alloy Wheels']",5.0,WW in Morocco,Yes,Marrakech,Azli,95000.0
Dacia,Duster,2014,Good,120 000 - 129 999,Manual,6 CV,Diesel,"['Alloy Wheels', 'Leather Seats']",5.0,,No,Tanger,El Mrabet,130000.0
BMW,serie_2_gran_coupe,2021,Very Good,120 000 - 129 999,Automatic,8 CV,Diesel,"['Alloy Wheels', 'Alloy Wheels']",5.0,WW in Morocco,Yes,Casablanca,Anfa,337000.0
Volkswagen,Jetta,2017,Very Good,120 000 - 129 999,Manual,8 CV,Diesel,"['ABS', 'Airbags', 'CD/MP3/Bluetooth', 'Rear Camera', 'Air Conditioning', 'ESP', 'Alloy Wheels', 'Speed Limiter', 'Onboard Computer', 'Cruise Control', 'Leather Seats', 'Navigation System/GPS', 'Sunroof', 'Central Locking', 'Electric Windows']",5.0,Imported New,No,Rabat,Hay Al Farah,155000.0
Citroen,Berlingo,2019,Very Good,130 000 - 139 999,Manual,6 CV,Diesel,"['Airbags', 'CD/MP3/Bluetooth', 'Air Conditioning', 'Alloy Wheels', 'Cruise Control', 'Central Locking', 'Electric Windows']",5.0,WW in Morocco,No,Marrakech,Bouaakkaz,170000.0
Mercedes-Benz,Classe CLA,2021,Excellent,60 000 - 64 999,Automatic,9 CV,Diesel,"['ABS', 'CD/MP3/Bluetooth', 'Rear Camera', 'Air Conditioning', 'ESP', 'Alloy Wheels', 'Speed Limiter', 'Onboard Computer', 'Parking Sensors', 'Cruise Control', 'Leather Seats', 'Navigation System/GPS', 'Sunroof', 'Central Locking', 'Electric Windows']",5.0,Customs-cleared car,Yes,Rabat,Hay Riad,490000.0
Renault,Kangoo,2018,Very Good,110 000 - 119 999,Manual,7 CV,Diesel,"['Rear Camera', 'Air Conditioning', 'Central Locking']",5.0,WW in Morocco,No,Casablanca,Aïn Chock,109000.0
Renault,Clio,2005,Good,250 000 - 299 999,Manual,6 CV,Diesel,['Electric Windows'],5.0,WW in Morocco,,Rabat,Other,56000.0
Porsche,Cayenne,2012,Very Good,150 000 - 159 999,Automatic,22 CV,Hybrid,"['ABS', 'Airbags', 'CD/MP3/Bluetooth', 'Rear Camera', 'Air Conditioning', 'ESP', 'Alloy Wheels', 'Speed Limiter', 'Onboard Computer', 'Parking Sensors', 'Leather Seats', 'Navigation System/GPS', 'Sunroof', 'Central Locking', 'Electric Windows']",5.0,WW in Morocco,Yes,Casablanca,Aïn Diab,345000.0
Nissan,Qashqai,2018,Excellent,0 - 4 999,Manual,6 CV,Diesel,"['Electric Windows', 'Electric Windows']",,,,Safi,Azib Derai,
Opel,Astra,2010,Very Good,180 000 - 189 999,Manual,7 CV,Diesel,"['Electric Windows', 'Alloy Wheels']",,,,Salé,Sala El Jadida,90000.0
Peugeot,208,2020,Very Good,75 000 - 79 999,Manual,6 CV,Diesel,"['ABS', 'Airbags', 'Air Conditioning', 'ESP', 'Alloy Wheels', 'Onboard Computer', 'Parking Sensors', 'Central Locking']",5.0,WW in Morocco,Yes,Rabat,Hay el Fath,150000.0
Peugeot,508,2013,Good,10 000 - 14 999,Automatic,8 CV,Diesel,"['ABS', 'Airbags', 'CD/MP3/Bluetooth', 'Air Conditioning', 'Alloy Wheels', 'Speed Limiter', 'Parking Sensors', 'Cruise Control', 'Leather Seats']",5.0,WW in Morocco,No,Casablanca,2 Mars,130000.0
Mercedes-Benz,Classe C,2015,Excellent,110 000 - 119 999,Manual,9 CV,Diesel,"['ABS', 'Airbags', 'CD/MP3/Bluetooth', 'Rear Camera', 'Air Conditioning', 'ESP', 'Alloy Wheels', 'Speed Limiter', 'Onboard Computer', 'Parking Sensors', 'Cruise Control', 'Leather Seats', 'Navigation System/GPS', 'Central Locking', 'Electric Windows']",5.0,Customs-cleared car,Yes,Casablanca,Aïn Diab,290000.0
Dacia,Dokker,2021,Very Good,160 000 - 169 999,Manual,6 CV,Diesel,"['Air Conditioning', 'Electric Windows']",5.0,WW in Morocco,Yes,Chichaoua,Toute la ville,121000.0
Volkswagen,Passat,1991,Good,0 - 4 999,Manual,6 CV,Diesel,"['CD/MP3/Bluetooth', 'Central Locking', 'Electric Windows']",5.0,Customs-cleared car,No,Temara,City Center,37500.0
Volkswagen,Golf,1995,Good,250 000 - 299 999,Manual,8 CV,Diesel,"['Electric Windows', 'Rear Camera']",5.0,Customs-cleared car,No,Tanger,Other,45000.0
Ford,Focus,2018,Excellent,75 000 - 79 999,Manual,6 CV,Diesel,"['Rear Camera', 'Rear Camera']",5.0,WW in Morocco,No,Agadir,Hay Salam,158000.0
Dacia,Dokker,2021,Excellent,65 000 - 69 999,Manual,6 CV,Diesel,"['ABS', 'Airbags', 'CD/MP3/Bluetooth', 'Air Conditioning', 'ESP', 'Alloy Wheels', 'Speed Limiter', 'Onboard Computer', 'Parking Sensors', 'Cruise Control', 'Navigation System/GPS', 'Central Locking', 'Electric Windows']",5.0,WW in Morocco,Yes,Mohammedia,Hay Al Falah,
Volkswagen,Bora,2004,Very Good,Plus de 500 000,Manual,8 CV,Diesel,"['Airbags', 'Rear Camera', 'Alloy Wheels']",,WW in Morocco,No,Marrakech,M'Hamid,
Hyundai,Santa Fe,2011,Very Good,5 000 - 9 999,Automatic,9 CV,Diesel,"['ABS', 'Airbags', 'CD/MP3/Bluetooth', 'Rear Camera', 'Air Conditioning', 'ESP', 'Alloy Wheels', 'Speed Limiter', 'Onboard Computer', 'Parking Sensors', 'Cruise Control', 'Navigation System/GPS', 'Sunroof', 'Central Locking', 'Electric Windows']",5.0,WW in Morocco,No,Nador,Al aroui,110000.0
Peugeot,301,2017,Very Good,160 000 - 169 999,Manual,7 CV,Diesel,"['Alloy Wheels', 'Alloy Wheels']",5.0,WW in Morocco,No,Mohammedia,Wafa,90000.0
Dacia,Duster,2019,Excellent,100 000 - 109 999,Manual,6 CV,Diesel,"['ABS', 'Airbags', 'CD/MP3/Bluetooth', 'Rear Camera', 'Air Conditioning', 'ESP', 'Alloy Wheels', 'Speed Limiter', 'Onboard Computer', 'Parking Sensors', 'Cruise Control', 'Central Locking', 'Electric Windows']",5.0,WW in Morocco,No,Casablanca,Other,
Hyundai,i 30,2016,Excellent,85 000 - 89 999,Manual,6 CV,Diesel,"['Electric Windows', 'Alloy Wheels']",5.0,WW in Morocco,No,Tanger,Zemmouri,125000.0
Skoda,Octavia,2014,,190 000 - 199 999,Manual,8 CV,Diesel,"['ABS', 'Airbags', 'CD/MP3/Bluetooth', 'Air Conditioning', 'ESP', 'Alloy Wheels', 'Speed Limiter', 'Parking Sensors', 'Cruise Control', 'Leather Seats', 'Central Locking']",,,,Agadir,El Houda,137000.0
Peugeot,Expert,2020,Very Good,40 000 - 44 999,Manual,10 CV,Diesel,"['ABS', 'Airbags', 'CD/MP3/Bluetooth', 'Air Conditioning', 'Alloy Wheels', 'Electric Windows']",5.0,WW in Morocco,Yes,Marrakech,Massar,150000.0
Nissan,X-Trail,2005,Good,350 000 - 399 999,Manual,9 CV,Diesel,"['Airbags', 'CD/MP3/Bluetooth', 'Rear Camera', 'Air Conditioning', 'Leather Seats', 'Navigation System/GPS', 'Sunroof', 'Central Locking', 'Electric Windows']",5.0,WW in Morocco,No,Casablanca,Belvédère,65000.0
Renault,Clio,2019,Excellent,95 000 - 99 999,Automatic,6 CV,Diesel,"['ABS', 'Airbags', 'CD/MP3/Bluetooth', 'Rear Camera', 'Air Conditioning', 'ESP', 'Alloy Wheels', 'Speed Limiter', 'Onboard Computer', 'Parking Sensors', 'Navigation System/GPS', 'Central Locking', 'Electric Windows']",5.0,WW in Morocco,,Fès,Ben Souda,128000.0
Volkswagen,Touareg,2009,,170 000 - 179 999,Automatic,12 CV,Diesel,"['Leather Seats', 'Rear Camera']",5.0,WW in Morocco,No,Marrakech,City Center,97000.0
Renault,Talisman,2022,Excellent,35 000 - 39 999,Automatic,8 CV,Diesel,"['ABS', 'Airbags', 'CD/MP3/Bluetooth', 'Air Conditioning', 'ESP', 'Alloy Wheels', 'Speed Limiter', 'Onboard Computer', 'Parking Sensors', 'Cruise Control', 'Leather Seats', 'Navigation System/GPS', 'Sunroof', 'Central Locking', 'Electric Windows']",5.0,WW in Morocco,Yes,Casablanca,2 Mars,285000.0
Peugeot,206,2002,Very Good,190 000 - 199 999,Manual,8 CV,Petrol,"['Airbags', 'Air Conditioning', 'Cruise Control', 'Electric Windows']",5.0,WW in Morocco,No,Casablanca,Hay Mohammadi,40000.0
Toyota,RAV 4,2007,Excellent,200 000 - 249 999,Manual,9 CV,Diesel,"['ABS', 'Airbags', 'CD/MP3/Bluetooth', 'ESP', 'Speed Limiter', 'Cruise Control', 'Leather Seats', 'Electric Windows']",5.0,WW in Morocco,Yes,Tanger,Branes 1,93000.0
Renault,EXPRESS,2003,Fair,450 000 - 499 999,Manual,6 CV,Diesel,"['CD/MP3/Bluetooth', 'CD/MP3/Bluetooth']",,,,Fès,Other,
Dacia,Logan,2023,Excellent,75 000 - 79 999,Manual,6 CV,Diesel,"['ABS', 'Airbags', 'CD/MP3/Bluetooth', 'Rear Camera', 'Air Conditioning', 'ESP', 'Alloy Wheels', 'Speed Limiter', 'Onboard Computer', 'Parking Sensors', 'Cruise Control', 'Navigation System/GPS', 'Electric Windows']",5.0,WW in Morocco,Yes,Rabat,Agdal,130000.0
Dacia,Logan,2022,New,10 000 - 14 999,Manual,7 CV,Diesel,"['ABS', 'Airbags', 'Rear Camera', 'Air Conditioning', 'ESP', 'Alloy Wheels', 'Onboard Computer', 'Parking Sensors', 'Cruise Control', 'Navigation System/GPS', 'Central Locking', 'Electric Windows']",5.0,WW in Morocco,Yes,Tanger,Tanja Balia,
Volkswagen,t-roc,2022,New,20 000 - 24 999,Automatic,8 CV,Diesel,"['Leather Seats', 'Leather Seats']",5.0,WW in Morocco,Yes,Rabat,Hay Riad,345000.0
Audi,etron_s_line,2016,Very Good,200 000 - 249 999,Automatic,8 CV,Diesel,"['ABS', 'Airbags', 'CD/MP3/Bluetooth', 'Rear Camera', 'Air Conditioning', 'ESP', 'Alloy Wheels', 'Speed Limiter', 'Onboard Computer', 'Parking Sensors', 'Cruise Control', 'Navigation System/GPS', 'Sunroof', 'Central Locking', 'Electric Windows']",5.0,Imported New,No,Meknès,Marjane 2,
Mercedes-Benz,Classe C,2012,Good,250 000 - 299 999,Automatic,9 CV,Diesel,"['ABS', 'Airbags', 'CD/MP3/Bluetooth', 'Rear Camera', 'Air Conditioning', 'ESP', 'Alloy Wheels', 'Speed Limiter', 'Onboard Computer', 'Parking Sensors', 'Cruise Control', 'Leather Seats', 'Navigation System/GPS', 'Central Locking']",5.0,Customs-cleared car,No,Casablanca,Sidi Maarouf,170000.0
Toyota,RAV 4,2019,Excellent,150 000 - 159 999,Automatic,9 CV,Diesel,"['Alloy Wheels', 'CD/MP3/Bluetooth']",5.0,WW in Morocco,Yes,Marrakech,Av Mohammed V,220000.0
Audi,Q5,2016,Excellent,150 000 - 159 999,Automatic,8 CV,Diesel,"['ABS', 'Airbags', 'CD/MP3/Bluetooth', 'Rear Camera', 'Air Conditioning', 'ESP', 'Alloy Wheels', 'Speed Limiter', 'Parking Sensors', 'Cruise Control', 'Navigation System/GPS', 'Central Locking', 'Electric Windows']",5.0,Customs-cleared car,No,Casablanca,Aïn Chock,295000.0
Peugeot,206+,2011,Excellent,110 000 - 119 999,Manual,7 CV,Petrol,"['CD/MP3/Bluetooth', 'Electric Windows']",5.0,WW in Morocco,No,Temara,Abbadi,62000.0
Peugeot,308,2020,Very Good,70 000 - 74 999,Automatic,6 CV,Diesel,"['Leather Seats', 'CD/MP3/Bluetooth']",5.0,Customs-cleared car,Yes,Casablanca,2 Mars,197000.0
Citroen,C3,2007,Good,200 000 - 249 999,Manual,6 CV,Diesel,"['Airbags', 'Cruise Control', 'Central Locking', 'Electric Windows']",5.0,WW in Morocco,No,Mohammedia,Al Qods,52000.0
Peugeot,407,2007,Good,40 000 - 44 999,Manual,8 CV,Diesel,"['Rear Camera', 'Electric Windows']",5.0,WW in Morocco,No,Bouznika,Other,67000.0
Mercedes-Benz,190,1991,Good,0 - 4 999,Manual,8 CV,Diesel,"['Alloy Wheels', 'Rear Camera']",3.0,Customs-cleared car,No,Temara,Abbadi,48000.0
Peugeot,206 CC,2008,Good,200 000 - 249 999,Manual,6 CV,Petrol,"['Air Conditioning', 'Parking Sensors', 'Central Locking']",5.0,WW in Morocco,No,Mohammedia,Hassania 2,45.0
Fiat,500,2022,Excellent,50 000 - 54 999,Automatic,6 CV,Petrol,"['ABS', 'CD/MP3/Bluetooth', 'Rear Camera', 'Air Conditioning', 'ESP', 'Alloy Wheels', 'Speed Limiter', 'Onboard Computer', 'Parking Sensors', 'Cruise Control', 'Leather Seats', 'Navigation System/GPS', 'Sunroof', 'Central Locking', 'Electric Windows']",3.0,WW in Morocco,Yes,Agadir,Av des Far,143000.0
Fiat,Punto,1994,Very Good,25 000 - 29 999,Manual,6 CV,Petrol,"['Electric Windows', 'Leather Seats']",5.0,Customs-cleared car,No,Sidi Kacem,Toute la ville,35000.0
Toyota,Corolla,2018,Very Good,95 000 - 99 999,Manual,5 CV,Diesel,"['ABS', 'Airbags', 'CD/MP3/Bluetooth', 'Rear Camera', 'Alloy Wheels', 'Speed Limiter', 'Parking Sensors', 'Cruise Control', 'Central Locking', 'Electric Windows']",5.0,WW in Morocco,Yes,Agadir,Hay Dakhla,
Peugeot,806,1996,Excellent,0 - 4 999,Manual,8 CV,Diesel,"['CD/MP3/Bluetooth', 'Electric Windows']",,,,Rabat,Aakkari,
Autres,Autres,2017,Very Good,15 000 - 19 999,Automatic,8 CV,Diesel,"['ABS', 'CD/MP3/Bluetooth', 'Air Conditioning', 'ESP', 'Alloy Wheels', 'Speed Limiter', 'Parking Sensors', 'Cruise Control', 'Leather Seats', 'Navigation System/GPS', 'Central Locking', 'Electric Windows']",5.0,WW in Morocco,No,Tanger,El Majd,220000.0
Volkswagen,GOLF 7,2016,Excellent,140 000 - 149 999,Manual,6 CV,Diesel,"['Leather Seats', 'CD/MP3/Bluetooth']",5.0,Customs-cleared car,No,Ksar el-Kebir,Toute la ville,195000.0
Nissan,Qashqai,2010,Good,300 000 - 349 999,Manual,8 CV,Diesel,"['Leather Seats', 'CD/MP3/Bluetooth']",5.0,Imported New,No,Mohammedia,Partie Est,
Mercedes-Benz,Classe E,2023,Excellent,45 000 - 49 999,Automatic,8 CV,Diesel,"['Electric Windows', 'Electric Windows']",5.0,WW in Morocco,,Tanger,City Center,725000.0
Mercedes-Benz,Classe C,2002,Good,100 000 - 109 999,Manual,9 CV,Diesel,"['Rear Camera', 'CD/MP3/Bluetooth']",5.0,Customs-cleared car,No,Rabat,Other,90000.0
Fiat,Panda,2011,Excellent,140 000 - 149 999,Manual,6 CV,Petrol,"['ABS', 'CD/MP3/Bluetooth', 'Air Conditioning', 'Central Locking', 'Electric Windows']",5.0,WW in Morocco,No,Casablanca,Hay Inara,50000.0
Chery,A113,2010,Very Good,150 000 - 159 999,Manual,7 CV,Petrol,"['Airbags', 'Central Locking', 'Electric Windows']",5.0,,No,Temara,Other,34999.0
Land Rover,Velar,2018,Excellent,100 000 - 109 999,Automatic,8 CV,Diesel,"['ABS', 'Airbags', 'CD/MP3/Bluetooth', 'Rear Camera', 'Air Conditioning', 'ESP', 'Alloy Wheels', 'Speed Limiter', 'Parking Sensors', 'Cruise Control', 'Leather Seats', 'Navigation System/GPS', 'Sunroof', 'Central Locking', 'Electric Windows']",5.0,WW in Morocco,No,Meknès,Zerhounia,
Hyundai,Tucson,2018,Very Good,150 000 - 159 999,Automatic,7 CV,Diesel,"['ABS', 'Airbags', 'CD/MP3/Bluetooth', 'Rear Camera', 'Air Conditioning', 'ESP', 'Alloy Wheels', 'Speed Limiter', 'Parking Sensors', 'Cruise Control', 'Leather Seats', 'Navigation System/GPS', 'Sunroof', 'Central Locking', 'Electric Windows']",5.0,WW in Morocco,No,Meknès,Marjane 2,225000.0
Peugeot,308,2010,Excellent,10 000 - 14 999,Manual,6 CV,Diesel,"['ABS', 'Airbags', 'CD/MP3/Bluetooth', 'Air Conditioning', 'ESP', 'Alloy Wheels', 'Speed Limiter', 'Leather Seats', 'Electric Windows']",5.0,WW in Morocco,No,El Jadida,Other,85000.0
Ford,Focus,2000,Good,200 000 - 249 999,Manual,6 CV,Diesel,"['Air Conditioning', 'Electric Windows']",5.0,Customs-cleared car,No,Safi,Hay Anas,58000.0
Mercedes-Benz,190,2024,,Plus de 500 000,Manual,8 CV,Petrol,"['Electric Windows', 'Rear Camera']",,,,Laouamra,Toute la ville,
Maserati,Levante,2017,Very Good,95 000 - 99 999,Automatic,12 CV,Diesel,"['ABS', 'Airbags', 'CD/MP3/Bluetooth', 'Rear Camera', 'Air Conditioning', 'ESP', 'Alloy Wheels', 'Speed Limiter', 'Onboard Computer', 'Parking Sensors', 'Cruise Control', 'Navigation System/GPS', 'Sunroof', 'Central Locking', 'Electric Windows']",5.0,Imported New,Yes,Meknès,Hamria,355000.0
Ssangyong,Rexton,2008,Very Good,190 000 - 199 999,Manual,11 CV,Diesel,"['Alloy Wheels', 'Leather Seats']",5.0,,,Salé,Hay Salam,
Kia,Sportage,2012,Excellent,250 000 - 299 999,Automatic,8 CV,Diesel,"['ABS', 'Airbags', 'CD/MP3/Bluetooth', 'Rear Camera', 'Air Conditioning', 'Alloy Wheels', 'Speed Limiter', 'Onboard Computer', 'Parking Sensors', 'Cruise Control', 'Leather Seats', 'Navigation System/GPS', 'Sunroof', 'Central Locking', 'Electric Windows']",5.0,WW in Morocco,Yes,Kénitra,Ain Sebaa,120000.0
Fiat,GRANDE PUNTO,2009,Very Good,60 000 - 64 999,Manual,5 CV,Diesel,"['Alloy Wheels', 'Leather Seats']",5.0,WW in Morocco,Yes,Ain Aouda,Toute la ville,45000.0
Peugeot,306,1995,Very Good,400 000 - 449 999,Manual,8 CV,Diesel,"['Central Locking', 'Electric Windows']",5.0,WW in Morocco,,Berrechid,Toute la ville,28000.0
BMW,Serie 5,1997,New,25 000 - 29 999,Automatic,11 CV,Petrol,"['ABS', 'Airbags', 'CD/MP3/Bluetooth', 'Rear Camera', 'Air Conditioning', 'ESP', 'Alloy Wheels', 'Speed Limiter', 'Onboard Computer', 'Parking Sensors', 'Cruise Control', 'Leather Seats', 'Navigation System/GPS', 'Sunroof', 'Central Locking']",5.0,Customs-cleared car,No,Tanger,Aouama Gharbia,36000.0
Fiat,Punto,2011,Excellent,120 000 - 129 999,Manual,7 CV,Petrol,"['Alloy Wheels', 'Rear Camera']",5.0,WW in Morocco,No,Fès,Hay Saada,55000.0
Volkswagen,Jetta,2020,Excellent,80 000 - 84 999,Automatic,8 CV,Diesel,"['ABS', 'Airbags', 'Rear Camera', 'Air Conditioning', 'ESP', 'Alloy Wheels', 'Speed Limiter', 'Onboard Computer', 'Parking Sensors', 'Cruise Control', 'Navigation System/GPS', 'Central Locking', 'Electric Windows']",5.0,WW in Morocco,Yes,Nouaceur,Toute la ville,200000.0
mini,cooper,2003,Good,25 000 - 29 999,Manual,9 CV,Petrol,"['Leather Seats', 'Electric Windows']",,Customs-cleared car,No,Had Soualem,Toute la ville,54000.0
Ford,Fiesta,2019,,110 000 - 119 999,Manual,6 CV,Diesel,"['Alloy Wheels', 'Rear Camera']",,,,Casablanca,Ain Sebaa,
Citroen,C-CROSSER,2013,Good,150 000 - 159 999,Manual,9 CV,Diesel,"['Airbags', 'CD/MP3/Bluetooth', 'Speed Limiter', 'Parking Sensors']",5.0,WW in Morocco,No,Kénitra,Khabazat,98000.0
Hyundai,Tucson,2020,Excellent,60 000 - 64 999,Automatic,6 CV,Diesel,"['ABS', 'Airbags', 'CD/MP3/Bluetooth', 'Rear Camera', 'Air Conditioning', 'ESP', 'Alloy Wheels', 'Speed Limiter', 'Onboard Computer', 'Parking Sensors', 'Cruise Control', 'Navigation System/GPS', 'Sunroof', 'Central Locking', 'Electric Windows']",5.0,,Yes,Salé,Sala El Jadida,288000.0
Autres,Autres,2006,Very Good,170 000 - 179 999,Manual,6 CV,Diesel,['Air Conditioning'],,WW in Morocco,,Marrakech,Targa,
Audi,RS4,2018,Very Good,0 - 4 999,Automatic,17 CV,Petrol,"['ABS', 'Airbags', 'CD/MP3/Bluetooth', 'Rear Camera', 'Air Conditioning', 'ESP', 'Alloy Wheels', 'Speed Limiter', 'Onboard Computer', 'Parking Sensors', 'Cruise Control', 'Navigation System/GPS', 'Sunroof', 'Central Locking', 'Electric Windows']",5.0,Imported New,No,Casablanca,Maarif,
Mercedes-Benz,Classe C,2002,Very Good,450 000 - 499 999,Manual,9 CV,Diesel,"['ABS', 'Airbags', 'CD/MP3/Bluetooth', 'Rear Camera', 'Air Conditioning', 'ESP', 'Alloy Wheels', 'Speed Limiter', 'Onboard Computer', 'Cruise Control', 'Navigation System/GPS', 'Central Locking', 'Electric Windows']",5.0,Customs-cleared car,No,Salé,Hay Chmaou,68000.0
Dacia,Logan,2016,Very Good,85 000 - 89 999,Manual,7 CV,Diesel,"['ABS', 'Airbags', 'CD/MP3/Bluetooth', 'ESP', 'Alloy Wheels', 'Speed Limiter', 'Parking Sensors', 'Cruise Control', 'Central Locking', 'Electric Windows']",5.0,WW in Morocco,Yes,Mohammedia,City Center,90000.0
Kia,Rio,2015,Excellent,160 000 - 169 999,Manual,6 CV,Diesel,"['ABS', 'Airbags', 'CD/MP3/Bluetooth', 'Rear Camera', 'Air Conditioning', 'ESP', 'Alloy Wheels', 'Onboard Computer', 'Parking Sensors', 'Cruise Control', 'Leather Seats', 'Navigation System/GPS', 'Sunroof', 'Central Locking', 'Electric Windows']",5.0,WW in Morocco,No,Casablanca,Bournazil,88000.0
Volkswagen,Caddy,2019,Excellent,180 000 - 189 999,Manual,8 CV,Diesel,"['Rear Camera', 'Leather Seats']",3.0,WW in Morocco,Yes,Taroudant,Jamaa el Kbir,165000.0
Dacia,Duster,2019,Excellent,100 000 - 109 999,Manual,6 CV,Diesel,"['ABS', 'Airbags', 'CD/MP3/Bluetooth', 'Rear Camera', 'ESP', 'Alloy Wheels', 'Speed Limiter', 'Onboard Computer', 'Parking Sensors', 'Cruise Control', 'Leather Seats', 'Navigation System/GPS', 'Central Locking', 'Electric Windows']",5.0,WW in Morocco,No,Casablanca,Ain Sebaa,150000.0
Mercedes-Benz,220,2016,Excellent,Plus de 500 000,Automatic,9 CV,Diesel,"['ABS', 'Airbags', 'CD/MP3/Bluetooth', 'Rear Camera', 'Air Conditioning', 'ESP', 'Alloy Wheels', 'Onboard Computer', 'Parking Sensors', 'Cruise Control', 'Leather Seats', 'Navigation System/GPS', 'Central Locking', 'Electric Windows']",5.0,Customs-cleared car,No,Meknès,Other,350000.0
Mercedes-Benz,220,1998,Very Good,40 000 - 44 999,Manual,9 CV,Diesel,"['Alloy Wheels', 'Electric Windows']",5.0,Customs-cleared car,No,Temara,Maghreb Arabi,66000.0
Audi,Q3,2020,Excellent,60 000 - 64 999,Automatic,8 CV,Diesel,"['ABS', 'Airbags', 'CD/MP3/Bluetooth', 'Rear Camera', 'Air Conditioning', 'ESP', 'Alloy Wheels', 'Speed Limiter', 'Onboard Computer', 'Parking Sensors', 'Cruise Control', 'Navigation System/GPS', 'Central Locking', 'Electric Windows']",5.0,WW in Morocco,Yes,Casablanca,Oulfa,345000.0
Land Rover,Range Rover Evoque,2020,Excellent,95 000 - 99 999,Automatic,8 CV,Diesel,"['ABS', 'Airbags', 'CD/MP3/Bluetooth', 'Rear Camera', 'Air Conditioning', 'ESP', 'Alloy Wheels', 'Speed Limiter', 'Parking Sensors', 'Cruise Control', 'Leather Seats', 'Navigation System/GPS', 'Central Locking', 'Electric Windows']",5.0,WW in Morocco,Yes,Casablanca,Belvédère,
Mercedes-Benz,Classe A,2020,Excellent,100 000 - 109 999,Automatic,8 CV,Diesel,"['CD/MP3/Bluetooth', 'Electric Windows']",5.0,Customs-cleared car,Yes,Agadir,Al Wifaq,390000.0
Toyota,C-HR,2021,Excellent,45 000 - 49 999,Automatic,10 CV,Hybrid,"['CD/MP3/Bluetooth', 'Rear Camera']",5.0,WW in Morocco,Yes,Casablanca,Californie,225000.0
Audi,A3,2009,Excellent,15 000 - 19 999,Manual,8 CV,Diesel,"['ABS', 'CD/MP3/Bluetooth', 'Air Conditioning', 'ESP', 'Alloy Wheels', 'Speed Limiter', 'Cruise Control', 'Navigation System/GPS', 'Central Locking', 'Electric Windows']",5.0,Customs-cleared car,No,Guercif,Toute la ville,115000.0
Fiat,500,2018,Excellent,65 000 - 69 999,Automatic,6 CV,Petrol,"['Rear Camera', 'Leather Seats']",3.0,WW in Morocco,Yes,Casablanca,Oasis,115000.0
Chevrolet,Camaro,2021,Excellent,20 000 - 24 999,Automatic,11 CV,Petrol,"['Rear Camera', 'Rear Camera']",3.0,Customs-cleared car,,Rabat,Massira,
Audi,Q7,2018,Excellent,120 000 - 129 999,Automatic,13 CV,Diesel,"['Electric Windows', 'Alloy Wheels']",5.0,WW in Morocco,Yes,Marrakech,Allal El Fassi,335000.0
Volkswagen,Tiguan,2016,Very Good,20 000 - 24 999,Manual,8 CV,Diesel,"['ABS', 'Airbags', 'CD/MP3/Bluetooth', 'Rear Camera', 'Air Conditioning', 'ESP', 'Alloy Wheels', 'Speed Limiter', 'Onboard Computer', 'Parking Sensors', 'Cruise Control', 'Navigation System/GPS', 'Central Locking']",,,,Safi,Hay Anas,
Renault,Clio,2013,Very Good,170 000 - 179 999,Manual,7 CV,Petrol,"['ABS', 'Airbags', 'Alloy Wheels']",5.0,WW in Morocco,No,El Jadida,Hay Al Amal,58000.0
Alfa Romeo,Giulietta,2021,Excellent,100 000 - 109 999,Automatic,6 CV,Diesel,"['ABS', 'Airbags', 'CD/MP3/Bluetooth', 'Rear Camera', 'ESP', 'Alloy Wheels', 'Speed Limiter', 'Onboard Computer', 'Parking Sensors', 'Cruise Control', 'Leather Seats', 'Navigation System/GPS', 'Sunroof', 'Central Locking', 'Electric Windows']",5.0,WW in Morocco,Yes,Casablanca,Californie,195000.0
Land Rover,Range Rover Evoque,2018,Excellent,150 000 - 159 999,Automatic,9 CV,Diesel,"['ABS', 'Airbags', 'CD/MP3/Bluetooth', 'Air Conditioning', 'ESP', 'Alloy Wheels', 'Speed Limiter', 'Onboard Computer', 'Parking Sensors', 'Cruise Control', 'Leather Seats', 'Navigation System/GPS', 'Sunroof', 'Central Locking', 'Electric Windows']",5.0,WW in Morocco,Yes,Salé,Hay Salam,265000.0
Seat,Leon,2008,Excellent,250 000 - 299 999,Manual,8 CV,Diesel,"['ABS', 'Airbags', 'CD/MP3/Bluetooth', 'Air Conditioning', 'ESP', 'Alloy Wheels', 'Speed Limiter', 'Parking Sensors', 'Central Locking', 'Electric Windows']",5.0,WW in Morocco,No,Casablanca,Ain Sebaa,85000.0
Citroen,Berlingo,2013,Very Good,190 000 - 199 999,Manual,6 CV,Diesel,"['Electric Windows', 'Rear Camera']",5.0,Car not yet customs-cleared,No,Meknès,Hamria,130000.0
Fiat,TIPO,2019,Very Good,5 000 - 9 999,Manual,5 CV,Diesel,"['Airbags', 'CD/MP3/Bluetooth', 'Air Conditioning']",5.0,WW in Morocco,No,Settat,Hay Al Kamal,95000.0
Peugeot,308,2011,Very Good,200 000 - 249 999,Manual,6 CV,Diesel,"['ABS', 'CD/MP3/Bluetooth', 'Air Conditioning', 'Alloy Wheels', 'Onboard Computer', 'Parking Sensors', 'Electric Windows']",5.0,Imported New,No,Errachidia,Toute la ville,79000.0
Toyota,Corolla,2005,Very Good,200 000 - 249 999,Manual,8 CV,Diesel,"['CD/MP3/Bluetooth', 'Alloy Wheels']",5.0,WW in Morocco,,Temsamane,Toute la ville,64000.0
BMW,Serie 5,2018,Very Good,100 000 - 109 999,Automatic,8 CV,Diesel,"['ABS', 'CD/MP3/Bluetooth', 'Rear Camera', 'Air Conditioning', 'ESP', 'Alloy Wheels', 'Speed Limiter', 'Onboard Computer', 'Parking Sensors', 'Cruise Control', 'Leather Seats', 'Navigation System/GPS', 'Central Locking', 'Electric Windows']",5.0,WW in Morocco,Yes,Rabat,Other,355000.0
Volkswagen,GOLF 6,2012,Excellent,170 000 - 179 999,Manual,6 CV,Diesel,"['ABS', 'CD/MP3/Bluetooth', 'ESP', 'Alloy Wheels', 'Speed Limiter', 'Cruise Control', 'Central Locking', 'Electric Windows']",5.0,WW in Morocco,No,Salé,El Qaria,118000.0
Volkswagen,PASSAT CC,2016,Very Good,190 000 - 199 999,Manual,8 CV,Diesel,"['CD/MP3/Bluetooth', 'CD/MP3/Bluetooth']",5.0,,Yes,Rabat,Hassan,170000.0
Bentley,Bentayga,2022,Excellent,20 000 - 24 999,Automatic,23 CV,Petrol,"['ABS', 'Airbags', 'CD/MP3/Bluetooth', 'Rear Camera', 'ESP', 'Alloy Wheels', 'Speed Limiter', 'Onboard Computer', 'Parking Sensors', 'Cruise Control', 'Leather Seats', 'Navigation System/GPS', 'Sunroof', 'Central Locking', 'Electric Windows']",5.0,,Yes,Casablanca,Maarif,
Audi,Q5,2017,Excellent,200 000 - 249 999,Automatic,Plus de 41 CV,Diesel,"['Rear Camera', 'Leather Seats']",5.0,Customs-cleared car,No,Casablanca,Aïn Chock,405000.0
Volkswagen,GOLF 2,1986,Excellent,0 - 4 999,Manual,5 CV,Diesel,"['Leather Seats', 'Rear Camera']",,,,Casablanca,City Center,
DS,DS 3 Crossback,2020,Excellent,75 000 - 79 999,Automatic,6 CV,Diesel,"['CD/MP3/Bluetooth', 'Rear Camera']",5.0,Imported New,No,Casablanca,2 Mars,227000.0
BMW,Serie 3,2019,Excellent,130 000 - 139 999,Automatic,8 CV,Diesel,"['Electric Windows', 'Leather Seats']",5.0,WW in Morocco,Yes,Salé,Old Medina,319000.0
Ford,Kuga,2021,Excellent,100 000 - 109 999,Automatic,6 CV,Diesel,"['ABS', 'Airbags', 'CD/MP3/Bluetooth', 'Rear Camera', 'Air Conditioning', 'ESP', 'Alloy Wheels', 'Speed Limiter', 'Parking Sensors', 'Cruise Control', 'Leather Seats', 'Navigation System/GPS', 'Sunroof', 'Central Locking', 'Electric Windows']",5.0,,No,Casablanca,Ain Sebaa,245000.0
Volkswagen,GOLF 4,1999,Very Good,35 000 - 39 999,Manual,8 CV,Petrol,"['Airbags', 'CD/MP3/Bluetooth', 'Air Conditioning', 'Alloy Wheels', 'Speed Limiter', 'Sunroof', 'Electric Windows']",5.0,Customs-cleared car,No,Nador,City Center,450000.0
Fiat,500,2022,Excellent,45 000 - 49 999,Automatic,7 CV,Petrol,"['ABS', 'Airbags', 'CD/MP3/Bluetooth', 'Air Conditioning', 'ESP', 'Alloy Wheels', 'Speed Limiter', 'Onboard Computer', 'Parking Sensors', 'Leather Seats', 'Navigation System/GPS', 'Central Locking', 'Electric Windows']",3.0,WW in Morocco,Yes,Casablanca,Oasis,142000.0
Fiat,Palio,2001,Good,25 000 - 29 999,Manual,7 CV,Diesel,"['ABS', 'Airbags', 'CD/MP3/Bluetooth', 'Onboard Computer', 'Central Locking', 'Electric Windows']",5.0,WW in Morocco,No,Tahla,Toute la ville,37000.0
Hyundai,ix 35,2013,Excellent,200 000 - 249 999,Automatic,8 CV,Diesel,"['ABS', 'Airbags', 'CD/MP3/Bluetooth', 'Rear Camera', 'Air Conditioning', 'Alloy Wheels', 'Speed Limiter', 'Onboard Computer', 'Parking Sensors', 'Cruise Control', 'Leather Seats', 'Navigation System/GPS', 'Sunroof', 'Central Locking', 'Electric Windows']",5.0,WW in Morocco,No,Meknès,Marjane 2,143000.0
Renault,Clio,2008,Very Good,250 000 - 299 999,Manual,7 CV,Petrol,['Electric Windows'],5.0,,No,Tanger,Val Fleuri,48000.0
Hyundai,Santa Fe,2015,Very Good,190 000 - 199 999,Automatic,9 CV,Diesel,"['ABS', 'Airbags', 'CD/MP3/Bluetooth', 'Rear Camera', 'Air Conditioning', 'ESP', 'Alloy Wheels', 'Speed Limiter', 'Onboard Computer', 'Parking Sensors', 'Cruise Control', 'Navigation System/GPS', 'Central Locking']",5.0,WW in Morocco,Yes,Fès,Agdal,182000.0
Ford,Focus,2012,Very Good,180 000 - 189 999,Manual,7 CV,Diesel,"['ABS', 'Airbags', 'CD/MP3/Bluetooth', 'Air Conditioning', 'Alloy Wheels', 'Parking Sensors', 'Navigation System/GPS', 'Central Locking', 'Electric Windows']",5.0,WW in Morocco,,Fès,Agdal,130000.0
Renault,Kangoo,2018,Very Good,130 000 - 139 999,Manual,6 CV,Diesel,"['Electric Windows', 'Leather Seats']",,WW in Morocco,No,Casablanca,Other,136000.0
Renault,Laguna Coupe,2007,New,0 - 4 999,Manual,7 CV,Diesel,"['ABS', 'Airbags', 'Rear Camera', 'Air Conditioning', 'ESP', 'Alloy Wheels', 'Speed Limiter', 'Onboard Computer', 'Parking Sensors', 'Cruise Control', 'Leather Seats', 'Sunroof', 'Central Locking', 'Electric Windows']",5.0,WW in Morocco,Yes,Casablanca,Ain Sebaa,65000.0
Jaguar,XF,2019,Excellent,140 000 - 149 999,Automatic,8 CV,Diesel,"['CD/MP3/Bluetooth', 'Rear Camera']",5.0,WW in Morocco,No,Casablanca,Sidi Moumen,285000.0
Seat,Leon,2010,Very Good,190 000 - 199 999,Manual,8 CV,Diesel,"['ABS', 'Airbags', 'CD/MP3/Bluetooth', 'Air Conditioning', 'Alloy Wheels', 'Speed Limiter', 'Onboard Computer', 'Parking Sensors', 'Cruise Control', 'Central Locking', 'Electric Windows']",5.0,WW in Morocco,No,Tanger,Ahlane,93000.0
Mitsubishi,L200,2018,Very Good,250 000 - 299 999,Manual,10 CV,Diesel,"['Airbags', 'Leather Seats', 'Electric Windows']",5.0,WW in Morocco,Yes,Agadir,Abattoirs,158000.0
Volkswagen,Tiguan,2018,Excellent,200 000 - 249 999,Automatic,7 CV,Diesel,"['ABS', 'Airbags', 'CD/MP3/Bluetooth', 'Rear Camera', 'Air Conditioning', 'Alloy Wheels', 'Speed Limiter', 'Onboard Computer', 'Parking Sensors', 'Navigation System/GPS', 'Sunroof', 'Electric Windows']",5.0,Customs-cleared car,No,Meknès,Zitoune,360000.0
Ford,Fiesta,2016,Excellent,140 000 - 149 999,Manual,6 CV,Diesel,['Alloy Wheels'],5.0,WW in Morocco,No,Kénitra,City Center,98000.0
Renault,19,1993,Excellent,200 000 - 249 999,Automatic,7 CV,Diesel,"['CD/MP3/Bluetooth', 'Alloy Wheels']",5.0,Customs-cleared car,No,Salé,Bab Al Bahr,43000.0
Dacia,Logan,2014,,160 000 - 169 999,Manual,6 CV,Diesel,"['CD/MP3/Bluetooth', 'Rear Camera']",5.0,WW in Morocco,No,Tanger,Al Amal,
Kia,Picanto,2006,Good,170 000 - 179 999,Manual,6 CV,Petrol,"['Alloy Wheels', 'Leather Seats']",5.0,WW in Morocco,No,Tanger,City Center,52000.0
Hyundai,i 40,2012,Excellent,200 000 - 249 999,Manual,7 CV,Diesel,"['ABS', 'Airbags', 'CD/MP3/Bluetooth', 'Air Conditioning', 'ESP', 'Alloy Wheels', 'Speed Limiter', 'Parking Sensors', 'Cruise Control', 'Central Locking']",5.0,WW in Morocco,No,Oued Zem,,110000.0
Volkswagen,GOLF 4,2002,Good,400 000 - 449 999,Manual,8 CV,Diesel,"['ABS', 'Airbags', 'Air Conditioning', 'ESP', 'Central Locking', 'Electric Windows']",5.0,Customs-cleared car,No,Meknès,La Hacienda,65000.0
Renault,Kangoo,2014,Excellent,140 000 - 149 999,Manual,6 CV,Diesel,"['Airbags', 'CD/MP3/Bluetooth', 'Rear Camera', 'Air Conditioning', 'ESP', 'Alloy Wheels', 'Speed Limiter', 'Onboard Computer', 'Parking Sensors', 'Cruise Control', 'Navigation System/GPS', 'Central Locking', 'Electric Windows']",5.0,WW in Morocco,No,Berrechid,Toute la ville,105000.0
Renault,Clio,2005,Fair,350 000 - 399 999,Manual,8 CV,Petrol,['Airbags'],5.0,Car not yet customs-cleared,No,Kénitra,Ouled Oujih,39000.0
mini,cooper,2016,Very Good,100 000 - 109 999,Automatic,11 CV,Petrol,"['ABS', 'Airbags', 'CD/MP3/Bluetooth', 'Air Conditioning', 'ESP', 'Speed Limiter', 'Onboard Computer', 'Parking Sensors', 'Cruise Control', 'Navigation System/GPS', 'Electric Windows']",3.0,Imported New,No,Casablanca,Aïn Diab,217000.0
Fiat,Uno,1996,Very Good,180 000 - 189 999,Manual,6 CV,Petrol,"['Alloy Wheels', 'Electric Windows']",5.0,Customs-cleared car,,Marrakech,Daoudiate,27000.0
Mercedes-Benz,Classe CLS,2012,Very Good,250 000 - 299 999,Automatic,12 CV,Diesel,"['ABS', 'Airbags', 'CD/MP3/Bluetooth', 'Rear Camera', 'Air Conditioning', 'ESP', 'Alloy Wheels', 'Onboard Computer', 'Parking Sensors', 'Cruise Control', 'Leather Seats', 'Navigation System/GPS', 'Central Locking', 'Electric Windows']",5.0,Customs-cleared car,Yes,Rabat,Other,220000.0
Ford,Fiesta,2019,Good,130 000 - 139 999,Manual,6 CV,Diesel,"['Rear Camera', 'CD/MP3/Bluetooth']",,WW in Morocco,,Daoura,Toute la ville,60000.0
Dacia,Dokker,2016,Very Good,200 000 - 249 999,Manual,7 CV,Petrol,"['Leather Seats', 'Rear Camera']",5.0,WW in Morocco,,Casablanca,Sidi Moumen,
Ford,C-Max,2014,Very Good,180 000 - 189 999,Manual,6 CV,Diesel,"['CD/MP3/Bluetooth', 'Rear Camera', 'Air Conditioning', 'Alloy Wheels', 'Speed Limiter', 'Parking Sensors', 'Cruise Control', 'Central Locking']",5.0,,Yes,Tétouan,Wilaya,127000.0
Renault,Kangoo,2019,,130 000 - 139 999,Manual,6 CV,Petrol,"['Rear Camera', 'Electric Windows']",,,,Casablanca,Ain Sebaa,
Volkswagen,Jetta,1989,Very Good,30 000 - 34 999,Manual,6 CV,Diesel,['Alloy Wheels'],5.0,Customs-cleared car,No,Sidi Bennour,Toute la ville,33000.0
Dacia,Logan,2006,Excellent,20 000 - 24 999,Manual,6 CV,Diesel,"['Central Locking', 'Electric Windows']",5.0,WW in Morocco,No,Temara,Massira 2,52000.0
Mercedes-Benz,Classe B,2012,Excellent,170 000 - 179 999,Automatic,7 CV,Diesel,"['ABS', 'CD/MP3/Bluetooth', 'Rear Camera', 'Air Conditioning', 'ESP', 'Alloy Wheels', 'Speed Limiter', 'Onboard Computer', 'Parking Sensors', 'Cruise Control', 'Leather Seats', 'Navigation System/GPS', 'Central Locking', 'Electric Windows']",5.0,WW in Morocco,No,Casablanca,Al Mostakbal,135000.0
Honda,Accord,2007,Excellent,200 000 - 249 999,Automatic,11 CV,Petrol,"['Leather Seats', 'Electric Windows']",5.0,WW in Morocco,No,Meknès,Nouveau Mellah,68000.0
Honda,CR-V,2014,Excellent,160 000 - 169 999,Automatic,8 CV,Diesel,"['ABS', 'Airbags', 'CD/MP3/Bluetooth', 'Rear Camera', 'Air Conditioning', 'ESP', 'Alloy Wheels', 'Speed Limiter', 'Parking Sensors', 'Cruise Control', 'Leather Seats', 'Navigation System/GPS', 'Sunroof', 'Central Locking', 'Electric Windows']",5.0,WW in Morocco,Yes,Marrakech,Hay Targa,153000.0
Jeep,Cherokee,2017,Very Good,160 000 - 169 999,Automatic,17 CV,Diesel,"['Leather Seats', 'Electric Windows']",5.0,WW in Morocco,Yes,Marrakech,Route de Casablanca,195000.0
Mazda,MX6,2004,Fair,250 000 - 299 999,Manual,8 CV,Diesel,"['ABS', 'Rear Camera', 'Air Conditioning', 'Alloy Wheels', 'Onboard Computer', 'Cruise Control', 'Leather Seats', 'Navigation System/GPS', 'Electric Windows']",,,,Tétouan,City Center,45000.0
Dacia,Duster,2022,Excellent,100 000 - 109 999,Manual,6 CV,Diesel,"['ABS', 'Airbags', 'CD/MP3/Bluetooth', 'Air Conditioning', 'Alloy Wheels', 'Speed Limiter', 'Onboard Computer', 'Parking Sensors', 'Cruise Control', 'Navigation System/GPS', 'Central Locking', 'Electric Windows']",5.0,WW in Morocco,Yes,Marrakech,Ain Mezouar,
Volkswagen,Passat,2004,Very Good,0 - 4 999,Manual,8 CV,Diesel,"['Airbags', 'Air Conditioning', 'Alloy Wheels', 'Leather Seats', 'Central Locking', 'Electric Windows']",5.0,WW in Morocco,No,Guelmim,Toute la ville,58000.0
Renault,Captur,2021,Excellent,45 000 - 49 999,Manual,6 CV,Diesel,"['ABS', 'Airbags', 'Rear Camera', 'Air Conditioning', 'ESP', 'Alloy Wheels', 'Speed Limiter', 'Onboard Computer', 'Parking Sensors', 'Cruise Control', 'Leather Seats', 'Navigation System/GPS', 'Electric Windows']",5.0,WW in Morocco,Yes,Casablanca,Californie,194999.0
Mercedes-Benz,Classe GLA,2014,Excellent,170 000 - 179 999,Automatic,9 CV,Diesel,"['ABS', 'Airbags', 'CD/MP3/Bluetooth', 'Rear Camera', 'Air Conditioning', 'ESP', 'Speed Limiter', 'Onboard Computer', 'Parking Sensors', 'Cruise Control', 'Leather Seats', 'Navigation System/GPS', 'Sunroof', 'Central Locking', 'Electric Windows']",5.0,Customs-cleared car,Yes,Fès,Narjiss,
Fiat,FIORINO,2018,Excellent,110 000 - 119 999,Manual,6 CV,Diesel,"['Leather Seats', 'CD/MP3/Bluetooth']",5.0,,No,Tanger,Other,8700.0
Peugeot,3008,2019,Excellent,100 000 - 109 999,Automatic,8 CV,Diesel,"['ABS', 'Airbags', 'CD/MP3/Bluetooth', 'Rear Camera', 'Air Conditioning', 'ESP', 'Alloy Wheels', 'Speed Limiter', 'Onboard Computer', 'Parking Sensors', 'Cruise Control', 'Leather Seats', 'Central Locking', 'Electric Windows']",5.0,WW in Morocco,,Casablanca,2 Mars,225000.0
Peugeot,308,2017,Excellent,130 000 - 139 999,Manual,6 CV,Diesel,"['ABS', 'Airbags', 'CD/MP3/Bluetooth', 'Rear Camera', 'Air Conditioning', 'ESP', 'Speed Limiter', 'Onboard Computer', 'Parking Sensors', 'Cruise Control', 'Navigation System/GPS', 'Central Locking', 'Electric Windows']",5.0,WW in Morocco,No,Rabat,Haut Agdal,139000.0
Mercedes-Benz,608,2001,Good,5 000 - 9 999,Manual,9 CV,Diesel,"['Rear Camera', 'Alloy Wheels']",,WW in Morocco,No,Casablanca,Hay Moulay Rachid,5500000.0
Renault,kangoo_ze,2017,Excellent,150 000 - 159 999,Manual,6 CV,Diesel,"['Rear Camera', 'Air Conditioning', 'Alloy Wheels', 'Electric Windows']",,WW in Morocco,Yes,Casablanca,Hay Hassani,130000.0
Renault,Fluence,2010,Excellent,200 000 - 249 999,Manual,6 CV,Diesel,"['ABS', 'Airbags', 'CD/MP3/Bluetooth', 'Rear Camera', 'Air Conditioning', 'Speed Limiter', 'Onboard Computer', 'Parking Sensors', 'Cruise Control', 'Central Locking', 'Electric Windows']",5.0,WW in Morocco,No,Ben Guerir,Toute la ville,75000.0
Land Rover,Range Rover Sport,2021,Excellent,65 000 - 69 999,Automatic,12 CV,Diesel,"['ABS', 'Airbags', 'CD/MP3/Bluetooth', 'Rear Camera', 'Air Conditioning', 'Alloy Wheels', 'Speed Limiter', 'Onboard Computer', 'Parking Sensors', 'Cruise Control', 'Leather Seats', 'Navigation System/GPS', 'Sunroof', 'Central Locking', 'Electric Windows']",5.0,WW in Morocco,Yes,Casablanca,Maarif,700000.0
Renault,Kangoo,2014,Very Good,190 000 - 199 999,Manual,6 CV,Diesel,"['ABS', 'Airbags', 'Rear Camera', 'Air Conditioning', 'Alloy Wheels', 'Speed Limiter', 'Parking Sensors', 'Cruise Control', 'Electric Windows']",5.0,WW in Morocco,No,Fès,Ben Souda,
Mercedes-Benz,Classe C,2019,Excellent,130 000 - 139 999,Automatic,8 CV,Diesel,"['Airbags', 'CD/MP3/Bluetooth', 'Rear Camera', 'Air Conditioning', 'ESP', 'Alloy Wheels', 'Speed Limiter', 'Onboard Computer', 'Parking Sensors', 'Cruise Control', 'Navigation System/GPS', 'Sunroof', 'Central Locking', 'Electric Windows']",5.0,Imported New,Yes,Casablanca,Route d'El Jadida,
Renault,Clio,2018,Very Good,0 - 4 999,Manual,6 CV,Diesel,"['ABS', 'Airbags', 'CD/MP3/Bluetooth', 'Air Conditioning', 'ESP', 'Speed Limiter', 'Cruise Control', 'Central Locking', 'Electric Windows']",5.0,WW in Morocco,,Agadir,El Houda,105000.0
Mitsubishi,L200,2013,Very Good,190 000 - 199 999,Manual,10 CV,Diesel,"['Leather Seats', 'CD/MP3/Bluetooth']",3.0,,,Salé,Toute la ville,135000.0
BMW,Serie 5,2010,Very Good,250 000 - 299 999,Automatic,10 CV,Diesel,"['Rear Camera', 'Leather Seats']",3.0,WW in Morocco,,Rabat,Other,1.0
Jaguar,XE,2018,Excellent,60 000 - 64 999,Automatic,8 CV,Diesel,"['Airbags', 'CD/MP3/Bluetooth', 'Rear Camera', 'Air Conditioning', 'ESP', 'Alloy Wheels', 'Speed Limiter', 'Onboard Computer', 'Parking Sensors', 'Cruise Control', 'Leather Seats', 'Navigation System/GPS', 'Sunroof', 'Central Locking', 'Electric Windows']",5.0,Imported New,Yes,Casablanca,Maarif,
Ford,Fusion,2016,Excellent,110 000 - 119 999,Automatic,8 CV,Diesel,"['Airbags', 'Air Conditioning', 'Speed Limiter', 'Onboard Computer', 'Parking Sensors', 'Cruise Control', 'Electric Windows']",5.0,WW in Morocco,No,Taza,Toute la ville,155000.0
Renault,Clio,2021,Very Good,75 000 - 79 999,Manual,6 CV,Diesel,"['ABS', 'Airbags', 'CD/MP3/Bluetooth', 'Rear Camera', 'Air Conditioning', 'ESP', 'Alloy Wheels', 'Speed Limiter', 'Onboard Computer', 'Parking Sensors', 'Cruise Control', 'Navigation System/GPS', 'Central Locking']",5.0,WW in Morocco,Yes,Fès,Agdal,
Mercedes-Benz,220,2007,Good,250 000 - 299 999,Automatic,9 CV,Diesel,"['ABS', 'Airbags', 'CD/MP3/Bluetooth', 'Air Conditioning', 'Alloy Wheels', 'Speed Limiter', 'Parking Sensors', 'Cruise Control', 'Electric Windows']",5.0,Customs-cleared car,No,Casablanca,Sidi Maarouf,110000.0
Volkswagen,GOLF 4,2001,Good,350 000 - 399 999,Manual,8 CV,Diesel,"['ABS', 'Airbags', 'ESP', 'Alloy Wheels', 'Onboard Computer', 'Central Locking', 'Electric Windows']",5.0,Customs-cleared car,No,Laâyoune,Toute la ville,63000.0
Nissan,X-Trail,2008,Excellent,350 000 - 399 999,Manual,8 CV,Diesel,"['ABS', 'Airbags', 'CD/MP3/Bluetooth', 'Rear Camera', 'Air Conditioning', 'ESP', 'Onboard Computer', 'Leather Seats', 'Navigation System/GPS', 'Central Locking', 'Electric Windows']",5.0,Imported New,No,Kénitra,Assam,65000.0
Citroen,C3,2006,,25 000 - 29 999,Manual,6 CV,Diesel,['Air Conditioning'],,WW in Morocco,,Fès,Mont Fleuri 2,
Fiat,Punto,2010,Excellent,20 000 - 24 999,Manual,5 CV,Diesel,"['Rear Camera', 'Leather Seats']",5.0,WW in Morocco,No,Settat,Toute la ville,55000.0
Dacia,Dokker,2019,Excellent,0 - 4 999,Manual,7 CV,Petrol,"['ABS', 'Airbags', 'CD/MP3/Bluetooth', 'Air Conditioning', 'ESP', 'Alloy Wheels', 'Speed Limiter', 'Parking Sensors', 'Cruise Control', 'Navigation System/GPS', 'Central Locking', 'Electric Windows']",,WW in Morocco,Yes,Casablanca,Ain Sebaa,
Volkswagen,Polo,1999,Very Good,200 000 - 249 999,Manual,8 CV,Petrol,"['Rear Camera', 'CD/MP3/Bluetooth']",5.0,Customs-cleared car,No,Tétouan,Kouilma,33000.0
Audi,A5,2018,Excellent,85 000 - 89 999,Automatic,8 CV,Diesel,"['Rear Camera', 'Rear Camera']",5.0,Imported New,Yes,Casablanca,2 Mars,
Renault,19,1994,Excellent,100 000 - 109 999,Manual,7 CV,Diesel,"['Alloy Wheels', 'CD/MP3/Bluetooth']",5.0,Customs-cleared car,No,Casablanca,Hay Hassani,44000.0
Renault,Clio,2015,Very Good,120 000 - 129 999,Manual,6 CV,Diesel,"['ABS', 'Airbags', 'CD/MP3/Bluetooth', 'Rear Camera', 'Air Conditioning', 'ESP', 'Alloy Wheels', 'Speed Limiter', 'Parking Sensors', 'Cruise Control', 'Navigation System/GPS', 'Central Locking', 'Electric Windows']",5.0,Imported New,Yes,Rabat,Hay Nahda,98000.0
Peugeot,208,2013,Very Good,110 000 - 119 999,Manual,7 CV,Petrol,"['Electric Windows', 'Electric Windows']",5.0,WW in Morocco,No,Casablanca,Aïn Chock,74000.0
Ford,ESCORT,1997,Very Good,0 - 4 999,Manual,7 CV,Petrol,"['Leather Seats', 'CD/MP3/Bluetooth']",5.0,Customs-cleared car,,Salé,El Qaria,20000.0
Ford,Focus,2010,Very Good,190 000 - 199 999,Manual,7 CV,Diesel,['Air Conditioning'],5.0,WW in Morocco,No,Fès,Route de Sefrou,82000.0
Hyundai,Accent,2017,Very Good,70 000 - 74 999,Manual,6 CV,Diesel,"['Alloy Wheels', 'Leather Seats']",5.0,WW in Morocco,Yes,Casablanca,Aïn Chock,
Renault,Clio,2019,Excellent,95 000 - 99 999,Manual,6 CV,Diesel,"['Leather Seats', 'Rear Camera']",5.0,WW in Morocco,No,Casablanca,Oulfa,108000.0
Hyundai,Santa Fe,2009,Excellent,200 000 - 249 999,Manual,9 CV,Diesel,"['ABS', 'Airbags', 'Air Conditioning', 'ESP', 'Alloy Wheels', 'Speed Limiter', 'Cruise Control', 'Central Locking', 'Electric Windows']",5.0,Customs-cleared car,No,Fès,Other,110000.0
Volkswagen,t-roc,2018,Excellent,150 000 - 159 999,Manual,6 CV,Diesel,"['ABS', 'Airbags', 'CD/MP3/Bluetooth', 'Air Conditioning', 'ESP', 'Alloy Wheels', 'Speed Limiter', 'Onboard Computer', 'Parking Sensors', 'Cruise Control', 'Leather Seats', 'Navigation System/GPS', 'Central Locking']",5.0,Customs-cleared car,Yes,Oued Zem,Toute la ville,252000.0
Audi,a1_sportback,2019,Excellent,85 000 - 89 999,Automatic,12 CV,Petrol,"['ABS', 'Airbags', 'CD/MP3/Bluetooth', 'Air Conditioning', 'Alloy Wheels', 'Speed Limiter', 'Onboard Computer', 'Parking Sensors', 'Leather Seats', 'Navigation System/GPS', 'Sunroof', 'Central Locking', 'Electric Windows']",5.0,Customs-cleared car,Yes,Tanger,Ahlane,
Renault,Clio,2012,Very Good,160 000 - 169 999,Manual,7 CV,Petrol,"['Alloy Wheels', 'Rear Camera']",5.0,WW in Morocco,Yes,Inzegan,Toute la ville,65500.0
Dacia,Lodgy,2018,Excellent,15 000 - 19 999,Manual,6 CV,Diesel,"['CD/MP3/Bluetooth', 'Air Conditioning', 'Cruise Control', 'Central Locking', 'Electric Windows']",5.0,,Yes,Sefrou,Toute la ville,100000.0
Dacia,Logan,2022,New,40 000 - 44 999,Manual,6 CV,Diesel,"['Rear Camera', 'Rear Camera']",5.0,WW in Morocco,Yes,Bouznika,Other,160000.0
BMW,M2,2024,New,0 - 4 999,Automatic,16 CV,Petrol,"['ABS', 'Airbags', 'CD/MP3/Bluetooth', 'Air Conditioning', 'ESP', 'Alloy Wheels', 'Speed Limiter', 'Onboard Computer', 'Parking Sensors', 'Cruise Control', 'Leather Seats', 'Navigation System/GPS', 'Sunroof', 'Central Locking', 'Electric Windows']",3.0,Imported New,,Casablanca,Maarif,
Peugeot,206,2003,Good,Plus de 500 000,Manual,7 CV,Petrol,"['CD/MP3/Bluetooth', 'Rear Camera', 'Electric Windows']",5.0,WW in Morocco,No,Tit Mellil,Toute la ville,51000.0
Honda,Civic,1997,Very Good,400 000 - 449 999,Automatic,9 CV,Petrol,"['Electric Windows', 'Leather Seats']",5.0,WW in Morocco,No,Casablanca,Ain Sebaa,
Volkswagen,GOLF 7,2018,Very Good,120 000 - 129 999,Automatic,8 CV,Diesel,"['ABS', 'Airbags', 'CD/MP3/Bluetooth', 'Air Conditioning', 'ESP', 'Alloy Wheels', 'Speed Limiter', 'Onboard Computer', 'Parking Sensors', 'Cruise Control', 'Leather Seats', 'Navigation System/GPS', 'Central Locking', 'Electric Windows']",5.0,WW in Morocco,No,Fès,Hay Saada,
Opel,Corsa,2024,Excellent,5 000 - 9 999,Manual,7 CV,Petrol,"['ABS', 'Airbags', 'CD/MP3/Bluetooth', 'Air Conditioning', 'ESP', 'Speed Limiter', 'Cruise Control', 'Navigation System/GPS', 'Central Locking', 'Electric Windows']",5.0,WW in Morocco,Yes,Khouribga,Toute la ville,162000.0
Volkswagen,Jetta,1987,Very Good,5 000 - 9 999,Manual,6 CV,Diesel,"['Electric Windows', 'Alloy Wheels']",5.0,WW in Morocco,No,Tanger,Drissia,
Jeep,Renegade,2016,Very Good,170 000 - 179 999,Manual,6 CV,Diesel,"['ABS', 'Airbags', 'CD/MP3/Bluetooth', 'Rear Camera', 'ESP', 'Alloy Wheels', 'Speed Limiter', 'Onboard Computer', 'Parking Sensors', 'Cruise Control', 'Navigation System/GPS', 'Central Locking', 'Electric Windows']",5.0,WW in Morocco,No,Casablanca,Hay Moulay Rachid,158000.0
Opel,Astra,2019,Very Good,55 000 - 59 999,Manual,6 CV,Diesel,"['CD/MP3/Bluetooth', 'Parking Sensors', 'Electric Windows']",5.0,WW in Morocco,No,Temara,Maghreb Arabi,155000.0
Skoda,Kodiaq,2020,Excellent,20 000 - 24 999,Automatic,8 CV,Diesel,"['ABS', 'Airbags', 'CD/MP3/Bluetooth', 'Alloy Wheels', 'Speed Limiter', 'Onboard Computer', 'Parking Sensors', 'Central Locking', 'Electric Windows']",5.0,WW in Morocco,No,Casablanca,Anfa,290000.0
Ford,Fiesta,2018,Very Good,85 000 - 89 999,Manual,6 CV,Diesel,"['Rear Camera', 'Air Conditioning', 'Onboard Computer', 'Parking Sensors', 'Central Locking']",5.0,WW in Morocco,Yes,Casablanca,Oulfa,113000.0
Renault,Symbol,2009,Good,130 000 - 139 999,Manual,6 CV,Petrol,"['Airbags', 'CD/MP3/Bluetooth', 'Onboard Computer', 'Electric Windows']",5.0,WW in Morocco,No,Casablanca,Other,49000.0
Ford,Kuga,2015,Very Good,200 000 - 249 999,Manual,8 CV,Diesel,"['Alloy Wheels', 'Speed Limiter', 'Cruise Control', 'Central Locking', 'Electric Windows']",,,,Marrakech,Massira 1,
Volkswagen,Tiguan,2018,Excellent,190 000 - 199 999,Manual,8 CV,Diesel,"['Alloy Wheels', 'Alloy Wheels']",5.0,Customs-cleared car,Yes,Rabat,Hay el Fath,305000.0
Opel,Vectra,1998,Excellent,5 000 - 9 999,Manual,6 CV,Diesel,"['ABS', 'CD/MP3/Bluetooth', 'Alloy Wheels', 'Electric Windows']",5.0,Customs-cleared car,No,Casablanca,Sidi Bernoussi,43000.0
Fiat,FIORINO,2021,Very Good,130 000 - 139 999,Manual,6 CV,Diesel,"['Airbags', 'Electric Windows']",,WW in Morocco,No,Salé,Hay Chmaou,99000.0
Renault,Samsung SM3,2006,Very Good,25 000 - 29 999,Manual,11 CV,Diesel,"['Airbags', 'CD/MP3/Bluetooth', 'Rear Camera', 'Air Conditioning', 'Alloy Wheels', 'Onboard Computer', 'Parking Sensors', 'Leather Seats', 'Electric Windows']",5.0,,No,Marrakech,Bab Doukkala,52000.0
Dacia,Logan,2006,Very Good,200 000 - 249 999,Manual,5 CV,Diesel,"['CD/MP3/Bluetooth', 'Alloy Wheels', 'Central Locking', 'Electric Windows']",,WW in Morocco,,Laâyoune,Toute la ville,43000.0
Ford,Fiesta,2009,Good,160 000 - 169 999,Manual,7 CV,Petrol,"['Rear Camera', 'Air Conditioning', 'Central Locking', 'Electric Windows']",5.0,WW in Morocco,No,Fès,Agdal,50000.0
Mercedes-Benz,220,2014,Excellent,140 000 - 149 999,Automatic,10 CV,Petrol,"['Rear Camera', 'Alloy Wheels']",3.0,Customs-cleared car,Yes,Marrakech,Allal El Fassi,220000.0
Volkswagen,Jetta,2007,Excellent,200 000 - 249 999,Manual,8 CV,Diesel,"['ABS', 'CD/MP3/Bluetooth', 'Rear Camera', 'Air Conditioning', 'ESP', 'Alloy Wheels', 'Speed Limiter', 'Onboard Computer', 'Parking Sensors', 'Cruise Control', 'Central Locking', 'Electric Windows']",5.0,Imported New,No,Fès,Agdal,76000.0
Dacia,Dokker,2020,Excellent,140 000 - 149 999,Manual,6 CV,Diesel,"['Airbags', 'CD/MP3/Bluetooth', 'Air Conditioning', 'ESP', 'Central Locking', 'Electric Windows']",,WW in Morocco,Yes,Casablanca,Sidi Maarouf,129000.0
Seat,ALTEA XL,2017,Excellent,180 000 - 189 999,Manual,6 CV,Diesel,"['ABS', 'Airbags', 'CD/MP3/Bluetooth', 'Air Conditioning', 'Alloy Wheels', 'Speed Limiter', 'Onboard Computer', 'Cruise Control', 'Central Locking', 'Electric Windows']",5.0,WW in Morocco,Yes,Casablanca,Ain Sebaa,105000.0
Fiat,Linea,2007,Very Good,160 000 - 169 999,Manual,5 CV,Diesel,"['Airbags', 'Air Conditioning', 'Speed Limiter', 'Cruise Control', 'Central Locking']",5.0,WW in Morocco,No,Casablanca,Hay Moulay Rachid 5,65000.0
Hyundai,Tucson,2005,Very Good,200 000 - 249 999,Manual,8 CV,Diesel,"['Rear Camera', 'CD/MP3/Bluetooth']",,,,Casablanca,Sidi Bernoussi,56000.0
Kia,Sportage,2022,Excellent,60 000 - 64 999,Manual,6 CV,Diesel,"['ABS', 'Airbags', 'CD/MP3/Bluetooth', 'Rear Camera', 'Air Conditioning', 'ESP', 'Alloy Wheels', 'Speed Limiter', 'Onboard Computer', 'Cruise Control', 'Navigation System/GPS', 'Central Locking', 'Electric Windows']",5.0,WW in Morocco,Yes,Casablanca,Maarif,225000.0
Mercedes-Benz,Classe CLA,2014,Excellent,130 000 - 139 999,Automatic,8 CV,Diesel,"['Alloy Wheels', 'Electric Windows']",5.0,WW in Morocco,Yes,Casablanca,2 Mars,250000.0
Peugeot,508,2018,Very Good,150 000 - 159 999,Manual,6 CV,Diesel,"['ABS', 'Airbags', 'CD/MP3/Bluetooth', 'Air Conditioning', 'ESP', 'Alloy Wheels', 'Speed Limiter', 'Onboard Computer', 'Cruise Control', 'Navigation System/GPS', 'Central Locking', 'Electric Windows']",5.0,WW in Morocco,No,Kénitra,City Center,148000.0
Peugeot,Partner,2007,Very Good,Plus de 500 000,Manual,7 CV,Diesel,"['Electric Windows', 'CD/MP3/Bluetooth']",3.0,WW in Morocco,No,Agadir,Amicales,
Renault,Clio,2020,Very Good,140 000 - 149 999,Manual,7 CV,Diesel,"['ABS', 'Airbags', 'CD/MP3/Bluetooth', 'Rear Camera', 'Air Conditioning', 'Speed Limiter', 'Parking Sensors', 'Cruise Control', 'Navigation System/GPS', 'Central Locking', 'Electric Windows']",5.0,WW in Morocco,Yes,El Jadida,Najd,
Renault,Clio,2017,Excellent,130 000 - 139 999,Manual,6 CV,Diesel,"['ABS', 'Airbags', 'CD/MP3/Bluetooth', 'Air Conditioning', 'ESP', 'Speed Limiter', 'Onboard Computer', 'Navigation System/GPS', 'Central Locking', 'Electric Windows']",5.0,WW in Morocco,No,Marrakech,Sidi Youssef Ben Ali,97000.0
Renault,Clio,2021,Excellent,90 000 - 94 999,Manual,6 CV,Diesel,"['ABS', 'Airbags', 'CD/MP3/Bluetooth', 'Rear Camera', 'Air Conditioning', 'ESP', 'Alloy Wheels', 'Speed Limiter', 'Onboard Computer', 'Parking Sensors', 'Cruise Control', 'Navigation System/GPS', 'Central Locking']",5.0,WW in Morocco,Yes,Berrechid,Toute la ville,139000.0
Nissan,Qashqai,2008,Excellent,200 000 - 249 999,Manual,6 CV,Diesel,"['ABS', 'Airbags', 'CD/MP3/Bluetooth', 'Air Conditioning', 'Speed Limiter', 'Cruise Control', 'Central Locking', 'Electric Windows']",5.0,Customs-cleared car,No,Kénitra,Bir Rami,110000.0
Fiat,Uno,2000,Good,200 000 - 249 999,Manual,7 CV,Diesel,"['CD/MP3/Bluetooth', 'Rear Camera']",5.0,WW in Morocco,No,Rabat,Yacoub El Mansour,26000.0
Peugeot,508,2014,Very Good,190 000 - 199 999,Manual,6 CV,Diesel,"['ABS', 'Airbags', 'CD/MP3/Bluetooth', 'Rear Camera', 'Air Conditioning', 'ESP', 'Alloy Wheels', 'Speed Limiter', 'Onboard Computer', 'Cruise Control', 'Central Locking', 'Electric Windows']",,,,Agadir,Ben Serguaou,103000.0
Land Rover,Velar,2019,Excellent,90 000 - 94 999,Automatic,12 CV,Diesel,"['ABS', 'Airbags', 'CD/MP3/Bluetooth', 'Rear Camera', 'Air Conditioning', 'Alloy Wheels', 'Speed Limiter', 'Onboard Computer', 'Parking Sensors', 'Cruise Control', 'Leather Seats', 'Navigation System/GPS', 'Central Locking', 'Electric Windows']",5.0,WW in Morocco,Yes,Casablanca,Belvédère,495000.0
Suzuki,SX4,2012,Very Good,120 000 - 129 999,Manual,6 CV,Diesel,"['Airbags', 'Alloy Wheels', 'Central Locking']",5.0,WW in Morocco,No,Casablanca,Oulfa,68000.0
Land Rover,Range Rover Evoque,2018,,80 000 - 84 999,Automatic,8 CV,Diesel,"['Rear Camera', 'Electric Windows']",,,,Tanger,Draoua,360000.0
Fiat,punto_classic,2010,Fair,190 000 - 199 999,Manual,7 CV,Petrol,"['CD/MP3/Bluetooth', 'Alloy Wheels', 'Central Locking', 'Electric Windows']",5.0,WW in Morocco,No,Taounate,Toute la ville,40000.0
Suzuki,Grand Vitara,2006,Very Good,20 000 - 24 999,Manual,9 CV,Petrol,['Air Conditioning'],3.0,WW in Morocco,No,Marrakech,Other,
Opel,OMEGA,2001,Fair,200 000 - 249 999,Manual,8 CV,Diesel,['Air Conditioning'],5.0,Customs-cleared car,No,Temara,City Center,38000.0
Volkswagen,Caddy,2008,Very Good,250 000 - 299 999,Manual,8 CV,Diesel,"['Rear Camera', 'CD/MP3/Bluetooth']",5.0,Customs-cleared car,No,Nador,City Center,
Renault,Kangoo,2006,Good,300 000 - 349 999,Manual,6 CV,Diesel,"['CD/MP3/Bluetooth', 'CD/MP3/Bluetooth']",5.0,WW in Morocco,No,Casablanca,Aïn Chock,66000.0
Opel,Insignia,2012,Very Good,180 000 - 189 999,Automatic,8 CV,Diesel,"['Airbags', 'CD/MP3/Bluetooth', 'Air Conditioning', 'ESP', 'Alloy Wheels', 'Parking Sensors', 'Cruise Control', 'Leather Seats', 'Central Locking', 'Electric Windows']",5.0,WW in Morocco,Yes,Casablanca,Ain Sebaa,100000.0
Renault,R19,1995,Excellent,45 000 - 49 999,Manual,10 CV,Diesel,"['Leather Seats', 'Alloy Wheels']",5.0,,No,Marrakech,Route d'Ourika,48000.0
Opel,Astra,2014,Excellent,170 000 - 179 999,Manual,7 CV,Diesel,"['ABS', 'Airbags', 'CD/MP3/Bluetooth', 'Rear Camera', 'ESP', 'Alloy Wheels', 'Speed Limiter', 'Onboard Computer', 'Parking Sensors', 'Cruise Control', 'Leather Seats', 'Navigation System/GPS', 'Sunroof', 'Central Locking', 'Electric Windows']",5.0,WW in Morocco,No,Safi,Ijennane,118000.0
Renault,Scenic,2003,Good,30 000 - 34 999,Manual,7 CV,Diesel,"['Airbags', 'CD/MP3/Bluetooth', 'Air Conditioning', 'Alloy Wheels', 'Leather Seats', 'Navigation System/GPS', 'Central Locking', 'Electric Windows']",5.0,WW in Morocco,No,Agadir,Other,64000.0
Peugeot,207,2008,Excellent,190 000 - 199 999,Manual,6 CV,Diesel,"['ABS', 'Airbags', 'CD/MP3/Bluetooth', 'Electric Windows']",5.0,,No,Salé,Hay Salam,68000.0
Fiat,Siena,2003,Very Good,20 000 - 24 999,Manual,7 CV,Diesel,"['Rear Camera', 'Electric Windows']",,,,Tanger,Marjane,
Hyundai,Santa Fe,2007,Very Good,190 000 - 199 999,Manual,9 CV,Diesel,"['ABS', 'Airbags', 'CD/MP3/Bluetooth', 'Rear Camera', 'Air Conditioning', 'ESP', 'Alloy Wheels', 'Speed Limiter', 'Parking Sensors', 'Cruise Control', 'Navigation System/GPS', 'Central Locking', 'Electric Windows']",5.0,WW in Morocco,No,Rabat,Taqaddoum,69000.0
Peugeot,208,2023,Excellent,0 - 4 999,Automatic,7 CV,Diesel,"['CD/MP3/Bluetooth', 'CD/MP3/Bluetooth']",5.0,WW in Morocco,Yes,Tanger,Ennasr,
Toyota,RAV 4,2007,Very Good,250 000 - 299 999,Manual,8 CV,Diesel,"['ABS', 'Air Conditioning', 'ESP', 'Alloy Wheels', 'Parking Sensors', 'Electric Windows']",5.0,WW in Morocco,No,Casablanca,Aïn Borja,84000.0
Volkswagen,Touareg,2017,Very Good,180 000 - 189 999,Automatic,12 CV,Diesel,"['Airbags', 'Alloy Wheels', 'Leather Seats', 'Central Locking', 'Electric Windows']",,,,Casablanca,Sidi Bernoussi,
Volkswagen,Phaeton,1996,Good,190 000 - 199 999,Manual,8 CV,Diesel,"['Alloy Wheels', 'Leather Seats']",5.0,Customs-cleared car,,Oujda,Hay El Andalous,
Toyota,Yaris,2018,Excellent,70 000 - 74 999,Automatic,9 CV,Hybrid,"['ABS', 'Airbags', 'Rear Camera', 'Alloy Wheels', 'Speed Limiter', 'Parking Sensors', 'Cruise Control', 'Navigation System/GPS', 'Central Locking', 'Electric Windows']",5.0,WW in Morocco,No,Tétouan,El Matar,
Mercedes-Benz,Classe G,2024,,10 000 - 14 999,Automatic,33 CV,Petrol,"['Rear Camera', 'CD/MP3/Bluetooth']",,,,Tanger,Draoua,
Peugeot,207,2013,Very Good,180 000 - 189 999,Manual,6 CV,Diesel,"['ABS', 'CD/MP3/Bluetooth', 'Air Conditioning', 'Electric Windows']",5.0,Customs-cleared car,No,Casablanca,Roches Noires,68000.0
Honda,Accord,2011,Excellent,160 000 - 169 999,Manual,9 CV,Diesel,"['Rear Camera', 'Electric Windows']",,,,Fès,Agdal,95000.0
Fiat,FIORINO,2019,Excellent,120 000 - 129 999,Manual,6 CV,Diesel,"['CD/MP3/Bluetooth', 'Alloy Wheels']",5.0,WW in Morocco,No,Laattaouia,Toute la ville,100200.0
Jeep,Grand Cherokee,2006,Excellent,190 000 - 199 999,Automatic,11 CV,Diesel,"['ABS', 'Airbags', 'CD/MP3/Bluetooth', 'Air Conditioning', 'ESP', 'Alloy Wheels', 'Speed Limiter', 'Onboard Computer', 'Parking Sensors', 'Leather Seats', 'Navigation System/GPS', 'Central Locking', 'Electric Windows']",,WW in Morocco,No,Kénitra,La Ville Haute,
Mercedes-Benz,Classe B,2012,Excellent,15 000 - 19 999,Automatic,7 CV,Diesel,"['Airbags', 'CD/MP3/Bluetooth', 'Rear Camera', 'Air Conditioning', 'ESP', 'Alloy Wheels', 'Speed Limiter', 'Onboard Computer', 'Parking Sensors', 'Cruise Control', 'Leather Seats', 'Navigation System/GPS', 'Sunroof', 'Central Locking', 'Electric Windows']",5.0,Customs-cleared car,No,Béni Mellal,Toute la ville,14.0
Mercedes-Benz,Classe E,2018,Very Good,75 000 - 79 999,Automatic,8 CV,Diesel,"['Rear Camera', 'Electric Windows']",5.0,WW in Morocco,Yes,Casablanca,Belvédère,490000.0
Fiat,Doblo,2014,Excellent,200 000 - 249 999,Manual,6 CV,Diesel,"['Alloy Wheels', 'Alloy Wheels']",5.0,Customs-cleared car,Yes,Fquih Ben Saleh,Toute la ville,75000.0
Fiat,500,2009,Very Good,110 000 - 119 999,Manual,7 CV,Petrol,"['Airbags', 'Alloy Wheels']",3.0,WW in Morocco,No,El Jadida,Najd,73000.0
Renault,Scenic,2001,Excellent,20 000 - 24 999,Manual,9 CV,Petrol,"['CD/MP3/Bluetooth', 'Rear Camera', 'Central Locking', 'Electric Windows']",5.0,WW in Morocco,,Laâyoune,Toute la ville,55000.0
Land Rover,Velar,2020,Excellent,65 000 - 69 999,Automatic,8 CV,Diesel,"['ABS', 'Airbags', 'CD/MP3/Bluetooth', 'Rear Camera', 'Air Conditioning', 'ESP', 'Speed Limiter', 'Parking Sensors', 'Cruise Control', 'Leather Seats', 'Navigation System/GPS', 'Sunroof', 'Central Locking', 'Electric Windows']",5.0,WW in Morocco,Yes,Agadir,Le centre-ville,520000.0
Renault,R4,1988,Good,Plus de 500 000,Manual,6 CV,Petrol,"['CD/MP3/Bluetooth', 'Alloy Wheels']",,,,Tanger,Drissia,19000.0
Renault,Kangoo,2010,Very Good,170 000 - 179 999,Manual,6 CV,Diesel,"['ABS', 'Airbags', 'Air Conditioning', 'ESP', 'Cruise Control', 'Central Locking', 'Electric Windows']",3.0,WW in Morocco,,Tanger,Beni Makada Lakdima,100000.0
Fiat,Palio,2004,Excellent,5 000 - 9 999,Manual,7 CV,Diesel,"['Rear Camera', 'Leather Seats']",5.0,WW in Morocco,No,Kénitra,Ouled Oujih,37000.0
Nissan,Micra,2011,Good,45 000 - 49 999,Manual,7 CV,Petrol,"['Alloy Wheels', 'Rear Camera']",5.0,WW in Morocco,No,Rabat,Massira,50000.0
Skoda,Superb,2017,Excellent,200 000 - 249 999,Automatic,8 CV,Diesel,"['ABS', 'Airbags', 'CD/MP3/Bluetooth', 'Air Conditioning', 'ESP', 'Alloy Wheels', 'Onboard Computer', 'Parking Sensors', 'Cruise Control', 'Leather Seats', 'Navigation System/GPS', 'Sunroof', 'Central Locking', 'Electric Windows']",5.0,WW in Morocco,Yes,Laâyoune,Toute la ville,235000.0
Daihatsu,Terios,2007,Very Good,200 000 - 249 999,Manual,7 CV,Petrol,"['Alloy Wheels', 'Rear Camera']",5.0,,,Rabat,Other,
Renault,EXPRESS,2021,Excellent,85 000 - 89 999,Manual,6 CV,Diesel,"['ABS', 'Airbags', 'CD/MP3/Bluetooth', 'Rear Camera', 'Air Conditioning', 'ESP', 'Alloy Wheels', 'Speed Limiter', 'Onboard Computer', 'Cruise Control', 'Navigation System/GPS', 'Central Locking']",5.0,WW in Morocco,No,Béni Mellal,Toute la ville,169000.0
Peugeot,308,2018,Very Good,110 000 - 119 999,Automatic,9 CV,Petrol,"['ABS', 'Airbags', 'CD/MP3/Bluetooth', 'Rear Camera', 'Air Conditioning', 'ESP', 'Alloy Wheels', 'Speed Limiter', 'Onboard Computer', 'Parking Sensors', 'Cruise Control', 'Navigation System/GPS', 'Sunroof', 'Central Locking', 'Electric Windows']",5.0,WW in Morocco,No,Casablanca,Californie,
Fiat,Palio,2002,Excellent,5 000 - 9 999,Manual,7 CV,Diesel,"['CD/MP3/Bluetooth', 'Leather Seats']",5.0,,No,Mohammedia,Other,29000.0
Volkswagen,Jetta,2020,Excellent,180 000 - 189 999,Automatic,8 CV,Diesel,"['ABS', 'Airbags', 'CD/MP3/Bluetooth', 'Rear Camera', 'ESP', 'Alloy Wheels', 'Speed Limiter', 'Onboard Computer', 'Parking Sensors', 'Cruise Control', 'Leather Seats', 'Central Locking', 'Electric Windows']",5.0,WW in Morocco,No,Taza,Toute la ville,179000.0
Chevrolet,Spark,2012,Very Good,140 000 - 149 999,Manual,6 CV,Petrol,"['Airbags', 'Rear Camera', 'Air Conditioning', 'Alloy Wheels', 'Onboard Computer', 'Navigation System/GPS', 'Central Locking', 'Electric Windows']",5.0,WW in Morocco,No,Casablanca,Sidi Maarouf,52000.0
Volkswagen,Passat,2011,Very Good,300 000 - 349 999,Manual,8 CV,Diesel,"['ABS', 'Airbags', 'Air Conditioning', 'ESP', 'Alloy Wheels', 'Parking Sensors', 'Cruise Control', 'Leather Seats', 'Central Locking', 'Electric Windows']",5.0,WW in Morocco,Yes,Mohammedia,City Center,122000.0
Citroen,XSARA,2004,Very Good,70 000 - 74 999,Manual,7 CV,Diesel,"['Airbags', 'Air Conditioning', 'Parking Sensors', 'Central Locking']",5.0,WW in Morocco,No,Kénitra,Ouled Oujih,48000.0
Nissan,Micra,2016,Excellent,10 000 - 14 999,Manual,7 CV,Diesel,"['ABS', 'Airbags', 'CD/MP3/Bluetooth', 'Rear Camera', 'Air Conditioning', 'ESP', 'Alloy Wheels', 'Speed Limiter', 'Onboard Computer', 'Parking Sensors', 'Cruise Control', 'Central Locking']",5.0,Customs-cleared car,Yes,Fès,Hay Saada,142000.0
Dacia,Duster,2018,Very Good,190 000 - 199 999,Manual,6 CV,Diesel,"['Rear Camera', 'Alloy Wheels']",,,,Marrakech,Guéliz,
Mercedes-Benz,240,1980 ou plus ancien,Very Good,450 000 - 499 999,Manual,10 CV,Diesel,"['Alloy Wheels', 'Electric Windows']",,,,Benslimane,Hay Farah,
Hyundai,Veracruz,2009,Very Good,350 000 - 399 999,Automatic,11 CV,Diesel,"['Electric Windows', 'Leather Seats']",5.0,WW in Morocco,No,Tanger,Moujahidine,
Renault,Megane,2000,Excellent,5 000 - 9 999,Manual,7 CV,Diesel,"['Airbags', 'Alloy Wheels']",5.0,Customs-cleared car,No,Salé,Inbiaat,54000.0
Ford,Fiesta,2016,Very Good,130 000 - 139 999,Manual,5 CV,Petrol,"['Rear Camera', 'Leather Seats']",5.0,WW in Morocco,No,Marrakech,Sidi Youssef Ben Ali,82000.0
Audi,Q7,2007,New,170 000 - 179 999,Automatic,12 CV,Diesel,"['Leather Seats', 'Rear Camera']",5.0,Imported New,No,El Mansouria,Toute la ville,94000.0
BMW,M2,2024,New,0 - 4 999,Automatic,16 CV,Petrol,"['Airbags', 'CD/MP3/Bluetooth', 'Rear Camera', 'Air Conditioning', 'ESP', 'Alloy Wheels', 'Speed Limiter', 'Onboard Computer', 'Parking Sensors', 'Cruise Control', 'Leather Seats', 'Navigation System/GPS', 'Sunroof', 'Central Locking', 'Electric Windows']",3.0,Imported New,,الدار البيضاء,Maarif,
BMW,X3,2015,New,200 000 - 249 999,Automatic,8 CV,Diesel,"['ABS', 'Airbags', 'CD/MP3/Bluetooth', 'Rear Camera', 'Air Conditioning', 'ESP', 'Alloy Wheels', 'Speed Limiter', 'Parking Sensors', 'Cruise Control', 'Navigation System/GPS', 'Central Locking', 'Electric Windows']",5.0,WW in Morocco,Yes,Marrakech,Targa,210000.0
Hyundai,Santa Fe,2008,Very Good,200 000 - 249 999,Manual,9 CV,Diesel,"['Alloy Wheels', 'CD/MP3/Bluetooth']",5.0,WW in Morocco,No,Salé,Tabriquet,80000.0
Ford,Focus,2016,Excellent,75 000 - 79 999,Manual,6 CV,Diesel,"['ABS', 'Airbags', 'CD/MP3/Bluetooth', 'Air Conditioning', 'ESP', 'Alloy Wheels', 'Speed Limiter', 'Onboard Computer', 'Parking Sensors', 'Cruise Control', 'Electric Windows']",5.0,WW in Morocco,Yes,Casablanca,Anfa,
Renault,EXPRESS,2023,Very Good,25 000 - 29 999,Manual,6 CV,Diesel,"['Air Conditioning', 'Alloy Wheels', 'Parking Sensors', 'Cruise Control', 'Leather Seats']",5.0,WW in Morocco,Yes,Fès,Oued Fès,163000.0
Porsche,Cayenne,2013,Excellent,130 000 - 139 999,Manual,8 CV,Diesel,"['ABS', 'CD/MP3/Bluetooth', 'Air Conditioning', 'Alloy Wheels', 'Parking Sensors', 'Cruise Control', 'Leather Seats', 'Central Locking', 'Electric Windows']",5.0,Customs-cleared car,Yes,Casablanca,2 Mars,
Land Rover,Range Rover Evoque,2017,Excellent,90 000 - 94 999,Automatic,8 CV,Diesel,"['ABS', 'Airbags', 'CD/MP3/Bluetooth', 'Rear Camera', 'Air Conditioning', 'ESP', 'Alloy Wheels', 'Speed Limiter', 'Onboard Computer', 'Parking Sensors', 'Leather Seats', 'Navigation System/GPS', 'Central Locking', 'Electric Windows']",5.0,WW in Morocco,No,Marrakech,Afaq,290000.0
Dacia,Logan,2021,Excellent,30 000 - 34 999,Manual,6 CV,Diesel,"['ABS', 'Airbags', 'CD/MP3/Bluetooth', 'Rear Camera', 'Air Conditioning', 'ESP', 'Alloy Wheels', 'Speed Limiter', 'Onboard Computer', 'Parking Sensors', 'Cruise Control', 'Leather Seats', 'Navigation System/GPS', 'Sunroof', 'Central Locking']",,WW in Morocco,Yes,Agadir,Abattoirs,
Citroen,C3 Aircross,2020,Excellent,80 000 - 84 999,Manual,6 CV,Diesel,"['ABS', 'Airbags', 'CD/MP3/Bluetooth', 'Air Conditioning', 'Alloy Wheels', 'Onboard Computer', 'Parking Sensors', 'Navigation System/GPS', 'Central Locking', 'Electric Windows']",5.0,WW in Morocco,,Casablanca,Sidi Maarouf,156000.0
Mercedes-Benz,220,2007,Excellent,200 000 - 249 999,Manual,8 CV,Diesel,"['Leather Seats', 'CD/MP3/Bluetooth']",5.0,Customs-cleared car,Yes,Khemisset,Toute la ville,140000.0
Volkswagen,Tiguan,2019,Excellent,200 000 - 249 999,Automatic,8 CV,Diesel,"['ABS', 'Airbags', 'CD/MP3/Bluetooth', 'Rear Camera', 'Air Conditioning', 'ESP', 'Alloy Wheels', 'Speed Limiter', 'Onboard Computer', 'Parking Sensors', 'Cruise Control', 'Leather Seats', 'Navigation System/GPS', 'Sunroof', 'Central Locking']",5.0,Customs-cleared car,No,El Jadida,Other,
Renault,Clio,2019,Very Good,100 000 - 109 999,Manual,6 CV,Diesel,"['ABS', 'Airbags', 'CD/MP3/Bluetooth', 'Air Conditioning', 'ESP', 'Speed Limiter', 'Onboard Computer', 'Parking Sensors', 'Cruise Control', 'Navigation System/GPS', 'Central Locking', 'Electric Windows']",5.0,WW in Morocco,No,Safi,Plateau,118000.0
Hyundai,Santa Fe,2011,Excellent,160 000 - 169 999,Manual,9 CV,Diesel,"['Rear Camera', 'Rear Camera']",5.0,WW in Morocco,Yes,Fès,Route de Sefrou,99000.0
BMW,Serie 3,2007,Excellent,250 000 - 299 999,Manual,8 CV,Diesel,"['Leather Seats', 'Electric Windows']",5.0,Imported New,No,El Jadida,Saada,78000.0
Volvo,V40,2018,Excellent,120 000 - 129 999,Automatic,8 CV,Diesel,"['ABS', 'CD/MP3/Bluetooth', 'Rear Camera', 'ESP', 'Alloy Wheels', 'Speed Limiter', 'Onboard Computer', 'Parking Sensors', 'Cruise Control', 'Central Locking', 'Electric Windows']",5.0,WW in Morocco,No,Casablanca,Anfa,160000.0
Suzuki,Alto,2009,Very Good,250 000 - 299 999,Manual,4 CV,Petrol,"['CD/MP3/Bluetooth', 'Alloy Wheels']",5.0,WW in Morocco,No,Meknès,Marjane 2,35000.0
Kia,Picanto,2019,Excellent,100 000 - 109 999,Manual,4 CV,Petrol,"['ABS', 'Airbags', 'CD/MP3/Bluetooth', 'Air Conditioning', 'Onboard Computer', 'Central Locking', 'Electric Windows']",5.0,WW in Morocco,No,Tétouan,City Center,89000.0
Nissan,Juke,2015,Good,130 000 - 139 999,Manual,6 CV,Diesel,"['ABS', 'Airbags', 'CD/MP3/Bluetooth', 'Rear Camera', 'Air Conditioning', 'ESP', 'Alloy Wheels', 'Speed Limiter', 'Parking Sensors', 'Cruise Control', 'Leather Seats']",5.0,WW in Morocco,No,Kénitra,Ouled Oujih,128000.0
Mercedes-Benz,Classe CLS,2019,Excellent,130 000 - 139 999,Automatic,8 CV,Diesel,"['ABS', 'Airbags', 'Rear Camera', 'Air Conditioning', 'ESP', 'Alloy Wheels', 'Speed Limiter', 'Onboard Computer', 'Parking Sensors', 'Cruise Control', 'Leather Seats', 'Navigation System/GPS', 'Sunroof', 'Central Locking', 'Electric Windows']",,Imported New,,Casablanca,Californie,540000.0
Skoda,Superb,2017,Excellent,110 000 - 119 999,Automatic,8 CV,Diesel,"['ABS', 'Airbags', 'CD/MP3/Bluetooth', 'Rear Camera', 'Air Conditioning', 'Alloy Wheels', 'Speed Limiter', 'Onboard Computer', 'Cruise Control', 'Leather Seats', 'Navigation System/GPS', 'Sunroof', 'Central Locking', 'Electric Windows']",5.0,WW in Morocco,Yes,Casablanca,Anfa,
Audi,a3_sportback,2009,Excellent,30 000 - 34 999,Manual,8 CV,Diesel,"['ABS', 'Air Conditioning', 'Alloy Wheels', 'Parking Sensors', 'Leather Seats', 'Central Locking', 'Electric Windows']",5.0,Customs-cleared car,No,Tanger,Aharrarine,115000.0
Mercedes-Benz,220,1997,Very Good,10 000 - 14 999,Manual,10 CV,Diesel,"['Airbags', 'Air Conditioning', 'ESP', 'Alloy Wheels', 'Central Locking', 'Electric Windows']",5.0,Customs-cleared car,No,Oujda,Hay El Qods,
Volkswagen,Touareg,2005,Excellent,170 000 - 179 999,Automatic,10 CV,Diesel,"['ABS', 'Airbags', 'CD/MP3/Bluetooth', 'Air Conditioning', 'Alloy Wheels', 'Speed Limiter', 'Cruise Control', 'Central Locking', 'Electric Windows']",5.0,Imported New,No,Guelmim,Toute la ville,3.0
Dacia,Duster,2019,New,130 000 - 139 999,Manual,6 CV,Diesel,"['Alloy Wheels', 'Electric Windows']",5.0,WW in Morocco,Yes,Agadir,El Houda,
Land Rover,range_rover_vogue,2022,Excellent,25 000 - 29 999,Automatic,12 CV,Diesel,"['ABS', 'Airbags', 'CD/MP3/Bluetooth', 'Rear Camera', 'Air Conditioning', 'ESP', 'Alloy Wheels', 'Speed Limiter', 'Onboard Computer', 'Parking Sensors', 'Cruise Control', 'Leather Seats', 'Navigation System/GPS', 'Sunroof', 'Central Locking']",5.0,WW in Morocco,Yes,Casablanca,Belvédère,1780000.0
Toyota,Corolla verso,2012,Very Good,15 000 - 19 999,Manual,7 CV,Diesel,"['CD/MP3/Bluetooth', 'Electric Windows']",5.0,WW in Morocco,Yes,Marrakech,Assif,90000.0
Kia,Picanto,2007,Good,0 - 4 999,Manual,4 CV,Petrol,"['Rear Camera', 'Electric Windows']",5.0,WW in Morocco,No,Agadir,El Houda,55000.0
Hyundai,Accent,2011,Excellent,200 000 - 249 999,Manual,6 CV,Diesel,"['ABS', 'Airbags', 'CD/MP3/Bluetooth', 'Air Conditioning', 'ESP']",5.0,,No,El Jadida,City Center,88000.0
Dacia,sandero_stepway,2017,Very Good,130 000 - 139 999,Manual,6 CV,Diesel,"['Leather Seats', 'CD/MP3/Bluetooth']",5.0,WW in Morocco,No,Temara,Abbadi,
Opel,MOKKA,2023,Excellent,30 000 - 34 999,Manual,6 CV,Diesel,"['ABS', 'Airbags', 'CD/MP3/Bluetooth', 'Rear Camera', 'ESP', 'Alloy Wheels', 'Speed Limiter', 'Onboard Computer', 'Parking Sensors', 'Cruise Control', 'Navigation System/GPS', 'Central Locking']",,,,Casablanca,Bourgogne,
Land Rover,Freelander,2011,Excellent,190 000 - 199 999,Automatic,8 CV,Electrique,"['ABS', 'Rear Camera', 'ESP', 'Alloy Wheels', 'Speed Limiter', 'Onboard Computer', 'Parking Sensors', 'Cruise Control', 'Leather Seats', 'Navigation System/GPS', 'Sunroof', 'Central Locking', 'Electric Windows']",5.0,WW in Morocco,No,Kénitra,City Center,160000.0
Citroen,Berlingo,2022,Excellent,25 000 - 29 999,Manual,6 CV,Diesel,"['ABS', 'CD/MP3/Bluetooth', 'Rear Camera', 'Air Conditioning', 'ESP', 'Alloy Wheels', 'Speed Limiter', 'Onboard Computer', 'Parking Sensors', 'Cruise Control', 'Central Locking', 'Electric Windows']",5.0,WW in Morocco,Yes,Casablanca,2 Mars,209000.0
Citroen,Berlingo,2011,Very Good,15 000 - 19 999,Manual,7 CV,Diesel,"['Leather Seats', 'Leather Seats']",5.0,WW in Morocco,No,Tanger,Administratif,70000.0
BMW,Serie 5,2013,Excellent,100 000 - 109 999,Automatic,11 CV,Diesel,"['Leather Seats', 'CD/MP3/Bluetooth']",5.0,Customs-cleared car,Yes,Casablanca,2 Mars,150000.0
Mercedes-Benz,Classe C,2008,Very Good,250 000 - 299 999,Manual,10 CV,Diesel,"['Airbags', 'CD/MP3/Bluetooth', 'Air Conditioning', 'ESP', 'Alloy Wheels', 'Speed Limiter', 'Onboard Computer', 'Cruise Control', 'Leather Seats', 'Navigation System/GPS', 'Central Locking', 'Electric Windows']",5.0,Customs-cleared car,Yes,Casablanca,Belvédère,135000.0
Peugeot,205,1998,Good,160 000 - 169 999,Manual,6 CV,Petrol,"['Alloy Wheels', 'Electric Windows']",5.0,WW in Morocco,No,Tan-Tan,Toute la ville,25000.0
Jeep,Compass,2014,Good,170 000 - 179 999,Manual,9 CV,Diesel,"['Airbags', 'CD/MP3/Bluetooth', 'Rear Camera', 'Air Conditioning', 'Alloy Wheels', 'Speed Limiter', 'Parking Sensors', 'Cruise Control', 'Leather Seats', 'Navigation System/GPS', 'Central Locking', 'Electric Windows']",5.0,WW in Morocco,Yes,Casablanca,Sidi Maarouf,117000.0
Volkswagen,Touareg,2010,Excellent,15 000 - 19 999,Automatic,12 CV,Diesel,"['Airbags', 'CD/MP3/Bluetooth', 'Air Conditioning', 'Leather Seats']",5.0,,,Fès,Narjiss,95000.0
BMW,Serie 4,2024,Excellent,0 - 4 999,Automatic,8 CV,Diesel,"['ABS', 'Airbags', 'CD/MP3/Bluetooth', 'Rear Camera', 'Air Conditioning', 'Alloy Wheels', 'Speed Limiter', 'Onboard Computer', 'Parking Sensors', 'Cruise Control', 'Leather Seats', 'Navigation System/GPS', 'Central Locking', 'Electric Windows']",5.0,Imported New,Yes,Casablanca,2 Mars,
Toyota,RAV 4,2008,Very Good,180 000 - 189 999,Manual,9 CV,Diesel,"['Electric Windows', 'Rear Camera']",5.0,Customs-cleared car,No,El Jadida,Al Boustane,87000.0
Mercedes-Benz,Vito,2005,Good,25 000 - 29 999,Manual,9 CV,Petrol,"['Leather Seats', 'CD/MP3/Bluetooth']",3.0,WW in Morocco,No,Tanger,Tanja Balia,92000.0
Mercedes-Benz,classe_gle_coupe,2016,Excellent,180 000 - 189 999,Automatic,12 CV,Diesel,"['ABS', 'Airbags', 'CD/MP3/Bluetooth', 'Rear Camera', 'Air Conditioning', 'ESP', 'Speed Limiter', 'Onboard Computer', 'Parking Sensors', 'Cruise Control', 'Leather Seats', 'Navigation System/GPS', 'Sunroof', 'Central Locking', 'Electric Windows']",5.0,Imported New,Yes,Rabat,Hay el Fath,
Opel,Insignia,2010,Very Good,200 000 - 249 999,Automatic,8 CV,Diesel,"['Alloy Wheels', 'CD/MP3/Bluetooth']",5.0,WW in Morocco,Yes,Casablanca,Hay Hassani,90000.0
Honda,Civic,1998,Good,25 000 - 29 999,Manual,9 CV,Petrol,"['Rear Camera', 'Leather Seats']",5.0,Customs-cleared car,No,Rabat,Les Orangers,35000.0
Toyota,corolla_sport,2019,Excellent,30 000 - 34 999,Automatic,10 CV,Hybrid,"['Alloy Wheels', 'Electric Windows']",5.0,WW in Morocco,Yes,Rabat,Agdal,200000.0
Ford,ESCORT,1994,Very Good,200 000 - 249 999,Manual,8 CV,Petrol,"['CD/MP3/Bluetooth', 'CD/MP3/Bluetooth']",5.0,WW in Morocco,No,Casablanca,Al Fida,13000.0
Citroen,C5,2009,Very Good,300 000 - 349 999,Manual,8 CV,Diesel,"['ABS', 'CD/MP3/Bluetooth', 'Rear Camera', 'Air Conditioning', 'ESP', 'Speed Limiter', 'Cruise Control', 'Central Locking', 'Electric Windows']",5.0,WW in Morocco,Yes,Casablanca,Belvédère,78000.0
Fiat,Punto,2004,Very Good,5 000 - 9 999,Manual,5 CV,Diesel,"['ABS', 'CD/MP3/Bluetooth', 'Air Conditioning', 'Alloy Wheels', 'Onboard Computer', 'Central Locking', 'Electric Windows']",5.0,Customs-cleared car,No,Khénifra,Toute la ville,54000.0
Fiat,127,1980 ou plus ancien,Good,0 - 4 999,Manual,5 CV,Petrol,"['Alloy Wheels', 'Rear Camera']",3.0,Imported New,No,Taourirt,Toute la ville,
Volkswagen,Tiguan,2022,Good,50 000 - 54 999,Automatic,8 CV,Diesel,"['ABS', 'Airbags', 'CD/MP3/Bluetooth', 'Rear Camera', 'Air Conditioning', 'ESP', 'Speed Limiter', 'Onboard Computer', 'Parking Sensors', 'Cruise Control', 'Leather Seats', 'Navigation System/GPS', 'Sunroof', 'Central Locking', 'Electric Windows']",5.0,Customs-cleared car,Yes,Agadir,El Houda,
Audi,A5,2011,,170 000 - 179 999,Automatic,8 CV,Diesel,"['ABS', 'Airbags', 'CD/MP3/Bluetooth', 'Rear Camera', 'Air Conditioning', 'ESP', 'Alloy Wheels', 'Speed Limiter', 'Onboard Computer', 'Cruise Control', 'Leather Seats', 'Navigation System/GPS', 'Sunroof', 'Central Locking', 'Electric Windows']",,,,Casablanca,Maarif,170000.0
Peugeot,307,2014,Excellent,Plus de 500 000,Manual,8 CV,Diesel,"['Alloy Wheels', 'Central Locking']",5.0,WW in Morocco,No,Tanger,Administratif,
Volkswagen,GOLF 7,2016,Very Good,180 000 - 189 999,Automatic,4 CV,Diesel,"['CD/MP3/Bluetooth', 'Rear Camera']",5.0,WW in Morocco,No,Béni Mellal,Toute la ville,
Citroen,Berlingo,2007,Very Good,25 000 - 29 999,Manual,7 CV,Diesel,"['Airbags', 'CD/MP3/Bluetooth', 'Central Locking']",5.0,WW in Morocco,No,Casablanca,Sidi Maarouf,45000.0
Peugeot,301,2014,Very Good,200 000 - 249 999,Manual,6 CV,Diesel,"['Electric Windows', 'Alloy Wheels']",5.0,WW in Morocco,No,Marrakech,M'Hamid,87000.0
Audi,A3,2010,Excellent,200 000 - 249 999,Automatic,8 CV,Diesel,"['Alloy Wheels', 'Leather Seats']",,Customs-cleared car,No,Casablanca,2 Mars,
Ford,Kuga,2017,Excellent,200 000 - 249 999,Manual,8 CV,Diesel,"['Alloy Wheels', 'Electric Windows']",5.0,WW in Morocco,Yes,El Jadida,City Center,155000.0
BMW,X3,2020,Good,100 000 - 109 999,Automatic,8 CV,Diesel,"['ABS', 'Airbags', 'CD/MP3/Bluetooth', 'Rear Camera', 'Air Conditioning', 'ESP', 'Alloy Wheels', 'Speed Limiter', 'Onboard Computer', 'Parking Sensors', 'Cruise Control', 'Navigation System/GPS', 'Electric Windows']",5.0,WW in Morocco,Yes,Tanger,Beni Touzine,320000.0
Renault,Kangoo,2001,Very Good,30 000 - 34 999,Manual,7 CV,Diesel,"['Alloy Wheels', 'Electric Windows']",5.0,Customs-cleared car,No,Béni Mellal,Toute la ville,63000.0
Volkswagen,Passat,2009,Excellent,0 - 4 999,Manual,8 CV,Diesel,"['CD/MP3/Bluetooth', 'Rear Camera']",,,,Safi,Hay essalam,
Seat,Leon,2015,Excellent,170 000 - 179 999,Automatic,6 CV,Diesel,"['Rear Camera', 'Rear Camera']",5.0,WW in Morocco,Yes,Fès,Agdal,
Land Rover,Discovery Sport,2016,Very Good,120 000 - 129 999,Automatic,9 CV,Diesel,"['ABS', 'Airbags', 'CD/MP3/Bluetooth', 'Rear Camera', 'Air Conditioning', 'Alloy Wheels', 'Speed Limiter', 'Parking Sensors', 'Cruise Control', 'Navigation System/GPS', 'Central Locking', 'Electric Windows']",5.0,WW in Morocco,No,Rabat,Hassan,190000.0
Nissan,Qashqai,2015,Excellent,150 000 - 159 999,Manual,6 CV,Diesel,"['ABS', 'Airbags', 'CD/MP3/Bluetooth', 'Rear Camera', 'Air Conditioning', 'ESP', 'Alloy Wheels', 'Speed Limiter', 'Onboard Computer', 'Parking Sensors', 'Cruise Control', 'Leather Seats', 'Navigation System/GPS', 'Electric Windows']",5.0,WW in Morocco,No,Casablanca,Aïn Chock,
Toyota,RAV 4,2004,Very Good,0 - 4 999,Manual,8 CV,Diesel,"['Electric Windows', 'Leather Seats']",5.0,Customs-cleared car,No,Tanger,Castilla,
Toyota,RAV 4,2008,Good,300 000 - 349 999,Manual,8 CV,Diesel,"['Airbags', 'Central Locking']",5.0,WW in Morocco,No,Guelmim,Toute la ville,78000.0
Peugeot,301,2023,Excellent,45 000 - 49 999,Manual,6 CV,Diesel,"['ABS', 'Airbags', 'CD/MP3/Bluetooth', 'Rear Camera', 'Air Conditioning', 'Speed Limiter', 'Onboard Computer', 'Parking Sensors', 'Cruise Control', 'Navigation System/GPS', 'Central Locking', 'Electric Windows']",5.0,WW in Morocco,Yes,Casablanca,Mers Sultan,
Mercedes-Benz,Classe CLA,2021,Excellent,80 000 - 84 999,Automatic,9 CV,Diesel,"['ABS', 'Airbags', 'Rear Camera', 'Air Conditioning', 'ESP', 'Alloy Wheels', 'Speed Limiter', 'Onboard Computer', 'Parking Sensors', 'Cruise Control', 'Leather Seats', 'Navigation System/GPS', 'Sunroof', 'Central Locking', 'Electric Windows']",5.0,Customs-cleared car,Yes,Casablanca,2 Mars,
Kia,Sportage,2015,Very Good,180 000 - 189 999,Manual,8 CV,Diesel,"['ABS', 'CD/MP3/Bluetooth', 'Air Conditioning', 'ESP', 'Alloy Wheels', 'Speed Limiter', 'Parking Sensors', 'Cruise Control', 'Central Locking', 'Electric Windows']",5.0,WW in Morocco,No,Marrakech,Allal El Fassi,140000.0
Kia,K5,2021,Excellent,85 000 - 89 999,Automatic,11 CV,Hybrid,"['ABS', 'Airbags', 'CD/MP3/Bluetooth', 'Rear Camera', 'Air Conditioning', 'ESP', 'Alloy Wheels', 'Onboard Computer', 'Parking Sensors', 'Cruise Control', 'Leather Seats', 'Navigation System/GPS', 'Central Locking', 'Electric Windows']",5.0,WW in Morocco,Yes,Rabat,Hay Riad,250000.0
Opel,Astra,2011,Very Good,120 000 - 129 999,Manual,6 CV,Diesel,"['Alloy Wheels', 'Leather Seats']",5.0,WW in Morocco,No,Marrakech,Massira,95000.0
Volkswagen,Tiguan,2018,Excellent,20 000 - 24 999,Automatic,8 CV,Diesel,"['ABS', 'Airbags', 'CD/MP3/Bluetooth', 'Air Conditioning', 'ESP', 'Alloy Wheels', 'Speed Limiter', 'Onboard Computer', 'Parking Sensors', 'Cruise Control', 'Leather Seats', 'Navigation System/GPS', 'Sunroof', 'Central Locking', 'Electric Windows']",5.0,Customs-cleared car,Yes,Casablanca,Sidi Bernoussi,
Mercedes-Benz,Classe CLA,2024,Excellent,0 - 4 999,Automatic,8 CV,Diesel,"['ABS', 'Airbags', 'CD/MP3/Bluetooth', 'Rear Camera', 'Air Conditioning', 'ESP', 'Alloy Wheels', 'Speed Limiter', 'Onboard Computer', 'Parking Sensors', 'Cruise Control', 'Leather Seats', 'Sunroof', 'Central Locking', 'Electric Windows']",5.0,Imported New,Yes,Rabat,Hay el Fath,
Volkswagen,Jetta,2011,Very Good,250 000 - 299 999,Manual,8 CV,Diesel,"['Air Conditioning', 'Electric Windows']",5.0,,No,Rabat,Taqaddoum,92000.0
Volkswagen,Touareg,2008,Excellent,250 000 - 299 999,Automatic,12 CV,Diesel,"['Electric Windows', 'Rear Camera']",5.0,WW in Morocco,No,Casablanca,Al Fida,75000.0
Peugeot,306,2002,Good,300 000 - 349 999,Manual,7 CV,Diesel,"['Electric Windows', 'CD/MP3/Bluetooth']",5.0,,No,Bouskoura,Victoria,54000.0
Renault,Kangoo,2014,Excellent,0 - 4 999,Manual,6 CV,Diesel,"['Airbags', 'CD/MP3/Bluetooth', 'Alloy Wheels', 'Central Locking', 'Electric Windows']",5.0,,No,Oujda,Hay Lazaret,
Mercedes-Benz,Classe CLA,2015,Excellent,160 000 - 169 999,Automatic,8 CV,Diesel,"['ABS', 'Airbags', 'CD/MP3/Bluetooth', 'Air Conditioning', 'ESP', 'Alloy Wheels', 'Speed Limiter', 'Onboard Computer', 'Cruise Control', 'Leather Seats', 'Navigation System/GPS', 'Central Locking', 'Electric Windows']",,WW in Morocco,,Casablanca,Maarif,240000.0
Jeep,Grand Cherokee,2016,Very Good,140 000 - 149 999,Automatic,12 CV,Diesel,"['Rear Camera', 'Alloy Wheels']",5.0,WW in Morocco,No,Tétouan,Al Azhar,148000.0
Ford,Kuga,2014,Very Good,25 000 - 29 999,Manual,8 CV,Diesel,"['ABS', 'Airbags', 'CD/MP3/Bluetooth', 'Rear Camera', 'Air Conditioning', 'Alloy Wheels', 'Speed Limiter', 'Onboard Computer', 'Parking Sensors', 'Cruise Control', 'Navigation System/GPS', 'Central Locking']",5.0,WW in Morocco,No,Casablanca,Belvédère,147000.0
Chevrolet,Camaro,2021,Excellent,20 000 - 24 999,Automatic,11 CV,Petrol,"['Alloy Wheels', 'Electric Windows']",3.0,Customs-cleared car,,الرباط,Massira,
Land Rover,Freelander,2009,Very Good,250 000 - 299 999,Automatic,9 CV,Diesel,"['ABS', 'Airbags', 'CD/MP3/Bluetooth', 'Speed Limiter']",5.0,,,Casablanca,Maarif,
Renault,Scenic,2015,Excellent,120 000 - 129 999,Automatic,6 CV,Diesel,"['Air Conditioning', 'Alloy Wheels']",5.0,Customs-cleared car,Yes,Tanger,Branes 1,150000.0
Hyundai,i 20,2021,New,35 000 - 39 999,Manual,6 CV,Diesel,['Navigation System/GPS'],5.0,WW in Morocco,Yes,El Jadida,Hay Essalam,142000.0
Peugeot,308,2013,Excellent,170 000 - 179 999,Manual,6 CV,Diesel,"['ABS', 'Airbags', 'CD/MP3/Bluetooth', 'Air Conditioning', 'Alloy Wheels', 'Speed Limiter', 'Onboard Computer', 'Cruise Control', 'Central Locking', 'Electric Windows']",5.0,WW in Morocco,No,Casablanca,Aïn Chock,103000.0
Mercedes-Benz,Classe A,2021,Excellent,55 000 - 59 999,Automatic,8 CV,Diesel,"['ABS', 'Airbags', 'CD/MP3/Bluetooth', 'Rear Camera', 'Air Conditioning', 'ESP', 'Alloy Wheels', 'Speed Limiter', 'Onboard Computer', 'Parking Sensors', 'Cruise Control', 'Sunroof', 'Central Locking', 'Electric Windows']",5.0,Imported New,Yes,Marrakech,Allal El Fassi,390000.0
Dacia,Logan,2012,Very Good,170 000 - 179 999,Manual,6 CV,Diesel,"['Rear Camera', 'CD/MP3/Bluetooth']",5.0,,,Salé,El Qaria,60000.0
Citroen,C5,2007,Good,300 000 - 349 999,Manual,8 CV,Diesel,"['ABS', 'Air Conditioning', 'Alloy Wheels', 'Speed Limiter', 'Onboard Computer', 'Cruise Control', 'Electric Windows']",5.0,WW in Morocco,No,Deroua,Toute la ville,
Renault,Captur,2018,Excellent,130 000 - 139 999,Automatic,6 CV,Diesel,"['ABS', 'Airbags', 'CD/MP3/Bluetooth', 'Rear Camera', 'Air Conditioning', 'ESP', 'Alloy Wheels', 'Speed Limiter', 'Parking Sensors', 'Cruise Control', 'Leather Seats', 'Navigation System/GPS', 'Sunroof', 'Central Locking', 'Electric Windows']",5.0,WW in Morocco,No,Agadir,Zone Industrielle Agadir,
Alfa Romeo,Giulietta,2015,Very Good,160 000 - 169 999,Manual,6 CV,Diesel,"['ABS', 'Airbags', 'CD/MP3/Bluetooth', 'Air Conditioning', 'Alloy Wheels', 'Speed Limiter', 'Onboard Computer', 'Parking Sensors', 'Cruise Control', 'Central Locking', 'Electric Windows']",5.0,WW in Morocco,No,Casablanca,Oulfa,115000.0
Volkswagen,Jetta,2019,Excellent,10 000 - 14 999,Automatic,8 CV,Diesel,"['Electric Windows', 'Leather Seats']",5.0,WW in Morocco,,Ifrane,Atlas,
Volkswagen,GOLF 2,1992,Excellent,60 000 - 64 999,Manual,7 CV,Petrol,"['CD/MP3/Bluetooth', 'Speed Limiter', 'Central Locking']",3.0,Customs-cleared car,No,Taza,Toute la ville,30200.0
Citroen,C3,2019,Excellent,75 000 - 79 999,Manual,6 CV,Diesel,"['ABS', 'Airbags', 'CD/MP3/Bluetooth', 'Rear Camera', 'Air Conditioning', 'Alloy Wheels', 'Speed Limiter', 'Parking Sensors', 'Cruise Control', 'Navigation System/GPS', 'Central Locking', 'Electric Windows']",5.0,WW in Morocco,Yes,Casablanca,Sidi Maarouf,
Suzuki,Alto,2010,Very Good,140 000 - 149 999,Manual,4 CV,Petrol,"['Rear Camera', 'Leather Seats']",5.0,WW in Morocco,No,Fès,Other,40000.0
Dacia,Sandero,2023,Excellent,20 000 - 24 999,Manual,6 CV,Diesel,"['ABS', 'CD/MP3/Bluetooth', 'Rear Camera', 'Air Conditioning', 'ESP', 'Alloy Wheels', 'Speed Limiter', 'Onboard Computer', 'Parking Sensors', 'Cruise Control', 'Navigation System/GPS', 'Electric Windows']",5.0,WW in Morocco,Yes,Temara,Massira 2,
Kia,Carens,2007,Good,200 000 - 249 999,Manual,8 CV,Diesel,"['Alloy Wheels', 'Rear Camera']",5.0,Imported New,No,Oujda,Hay Salam,60000.0
BMW,X5,2005,Excellent,350 000 - 399 999,Automatic,12 CV,Diesel,"['Alloy Wheels', 'Alloy Wheels']",,Customs-cleared car,,Nador,City Center,
Mercedes-Benz,220,1994,Very Good,200 000 - 249 999,Automatic,8 CV,Diesel,"['Rear Camera', 'Air Conditioning', 'Speed Limiter', 'Parking Sensors', 'Cruise Control', 'Electric Windows']",5.0,Customs-cleared car,No,Agadir,City Center,41000.0
Toyota,Corolla,2014,New,190 000 - 199 999,Manual,5 CV,Diesel,"['CD/MP3/Bluetooth', 'Electric Windows']",5.0,WW in Morocco,No,Mohammedia,El Alia,123000.0
Renault,R9,1984,Good,250 000 - 299 999,Manual,6 CV,Diesel,"['CD/MP3/Bluetooth', 'Electric Windows']",5.0,Customs-cleared car,No,Ain Leuh,Toute la ville,24999.0
Dacia,Dokker,2020,Excellent,0 - 4 999,Manual,6 CV,Diesel,"['Alloy Wheels', 'Alloy Wheels']",5.0,WW in Morocco,No,Casablanca,Ain Sebaa,97000.0
Peugeot,308,2012,Very Good,200 000 - 249 999,Manual,6 CV,Diesel,"['ABS', 'Airbags', 'ESP', 'Central Locking', 'Electric Windows']",5.0,WW in Morocco,Yes,Errachidia,Toute la ville,95000.0
Volkswagen,Caddy,2014,Excellent,200 000 - 249 999,Manual,6 CV,Diesel,"['ABS', 'Airbags', 'CD/MP3/Bluetooth', 'Air Conditioning', 'ESP', 'Alloy Wheels', 'Onboard Computer', 'Parking Sensors', 'Central Locking', 'Electric Windows']",,Imported New,,Fès,Saies,123000.0
Citroen,C1,2012,Very Good,0 - 4 999,Manual,6 CV,Diesel,"['Alloy Wheels', 'Electric Windows']",5.0,WW in Morocco,No,Salé,Said Hajji,
Renault,Kadjar,2018,Excellent,160 000 - 169 999,Manual,6 CV,Diesel,"['Leather Seats', 'Electric Windows']",5.0,WW in Morocco,No,El Jadida,Sidi Moussa,145000.0
Mercedes-Benz,Classe GLE,2018,Excellent,170 000 - 179 999,Automatic,9 CV,Diesel,"['ABS', 'Airbags', 'CD/MP3/Bluetooth', 'Rear Camera', 'Air Conditioning', 'Alloy Wheels', 'Speed Limiter', 'Onboard Computer', 'Parking Sensors', 'Cruise Control', 'Leather Seats', 'Navigation System/GPS', 'Central Locking', 'Electric Windows']",5.0,WW in Morocco,No,Fès,Route Ain Chkaf,
Mercedes-Benz,250,1987,Very Good,0 - 4 999,Manual,12 CV,Diesel,"['CD/MP3/Bluetooth', 'Leather Seats']",,,,Salé,Abouab Sala,
Audi,Q5,2017,New,190 000 - 199 999,Automatic,8 CV,Diesel,"['ABS', 'Airbags', 'CD/MP3/Bluetooth', 'Rear Camera', 'Air Conditioning', 'ESP', 'Alloy Wheels', 'Speed Limiter', 'Onboard Computer', 'Parking Sensors', 'Cruise Control', 'Navigation System/GPS', 'Sunroof', 'Central Locking', 'Electric Windows']",5.0,Customs-cleared car,Yes,Rabat,Hay Riad,
Peugeot,308,2010,Good,200 000 - 249 999,Manual,6 CV,Diesel,['Air Conditioning'],5.0,WW in Morocco,Yes,Salé,Tabriquet,80000.0
Dacia,Logan,2006,Good,150 000 - 159 999,Manual,6 CV,Diesel,"['CD/MP3/Bluetooth', 'Alloy Wheels']",5.0,WW in Morocco,No,Benslimane,Lallamaryem,62000.0
Renault,Clio,2020,,110 000 - 119 999,Manual,6 CV,Diesel,"['ABS', 'Airbags', 'CD/MP3/Bluetooth', 'Air Conditioning', 'Speed Limiter', 'Onboard Computer', 'Cruise Control', 'Navigation System/GPS', 'Central Locking', 'Electric Windows']",5.0,WW in Morocco,Yes,Casablanca,Hay Hassani,110000.0
Mitsubishi,L200,2007,Good,0 - 4 999,Manual,10 CV,Diesel,"['Rear Camera', 'Electric Windows']",5.0,WW in Morocco,No,Boufkrane,Toute la ville,60000.0
Honda,Jazz,2004,Very Good,25 000 - 29 999,Manual,8 CV,Petrol,"['Airbags', 'Air Conditioning', 'ESP', 'Alloy Wheels', 'Cruise Control', 'Leather Seats', 'Central Locking', 'Electric Windows']",5.0,WW in Morocco,Yes,Deroua,Toute la ville,300000.0
Peugeot,301,2014,New,130 000 - 139 999,Manual,6 CV,Diesel,"['Rear Camera', 'Electric Windows']",5.0,WW in Morocco,No,El Jadida,Najd,86000.0
Volkswagen,coccinelle_cabriolet,2018,Excellent,85 000 - 89 999,Manual,8 CV,Diesel,"['Alloy Wheels', 'Rear Camera']",3.0,Customs-cleared car,Yes,Marrakech,Targa,215000.0
Fiat,500,2015,Excellent,70 000 - 74 999,Automatic,6 CV,Petrol,"['Electric Windows', 'Electric Windows']",3.0,WW in Morocco,No,Oujda,Andalous,93000.0
Peugeot,307,2005,Excellent,170 000 - 179 999,Manual,6 CV,Petrol,"['ABS', 'CD/MP3/Bluetooth', 'ESP', 'Onboard Computer', 'Parking Sensors', 'Central Locking', 'Electric Windows']",5.0,WW in Morocco,No,Rabat,Les Ambassadeurs,48000.0
Volkswagen,Golf,1995,Very Good,10 000 - 14 999,Manual,9 CV,Diesel,"['Electric Windows', 'Rear Camera']",5.0,,,Ait Melloul,Toute la ville,100000.0
Peugeot,405,1990,,190 000 - 199 999,Manual,7 CV,Diesel,"['Rear Camera', 'Alloy Wheels']",5.0,WW in Morocco,,Agadir,Hay Zaytoun,28000.0
Mercedes-Benz,Classe A,2000,Very Good,250 000 - 299 999,Manual,7 CV,Diesel,['Electric Windows'],5.0,WW in Morocco,No,Rabat,Hassan,43000.0
Citroen,AX,1993,,250 000 - 299 999,Manual,5 CV,Diesel,"['CD/MP3/Bluetooth', 'Rear Camera']",5.0,,,El Kelâa des Sraghna,Toute la ville,15000.0
Renault,Clio,2005,Good,200 000 - 249 999,Manual,7 CV,Petrol,"['ABS', 'Electric Windows']",5.0,WW in Morocco,No,Meknès,El Bassatine,49000.0
Citroen,C3,2023,Excellent,10 000 - 14 999,Manual,5 CV,Diesel,"['ABS', 'Airbags', 'CD/MP3/Bluetooth', 'Air Conditioning', 'ESP', 'Alloy Wheels', 'Speed Limiter', 'Cruise Control', 'Navigation System/GPS', 'Central Locking', 'Electric Windows']",5.0,WW in Morocco,Yes,Marrakech,Guéliz,180000.0
Volkswagen,Caddy,2019,Excellent,45 000 - 49 999,Manual,8 CV,Diesel,"['Alloy Wheels', 'Alloy Wheels']",,WW in Morocco,Yes,Salé,Sala El Jadida,153000.0
Hyundai,Santa Fe,2010,Very Good,150 000 - 159 999,Manual,9 CV,Diesel,"['ABS', 'Airbags', 'CD/MP3/Bluetooth', 'Rear Camera', 'Air Conditioning', 'ESP', 'Alloy Wheels', 'Speed Limiter', 'Onboard Computer', 'Parking Sensors', 'Cruise Control', 'Leather Seats', 'Navigation System/GPS', 'Sunroof', 'Central Locking']",5.0,WW in Morocco,No,Marrakech,Massira 3,64000.0
Volkswagen,Passat,2009,Very Good,130 000 - 139 999,Manual,8 CV,Diesel,"['Alloy Wheels', 'Alloy Wheels']",5.0,WW in Morocco,No,Mohammedia,City Center,104000.0
Hyundai,Tucson,2021,Excellent,110 000 - 119 999,Automatic,6 CV,Diesel,"['ABS', 'Airbags', 'CD/MP3/Bluetooth', 'Rear Camera', 'Air Conditioning', 'ESP', 'Alloy Wheels', 'Speed Limiter', 'Onboard Computer', 'Parking Sensors', 'Cruise Control', 'Electric Windows']",5.0,WW in Morocco,Yes,Rabat,Yacoub El Mansour,
Volkswagen,Touareg,2009,Excellent,10 000 - 14 999,Automatic,8 CV,Diesel,"['ABS', 'Air Conditioning', 'ESP', 'Parking Sensors', 'Cruise Control', 'Leather Seats', 'Navigation System/GPS', 'Electric Windows']",,WW in Morocco,Yes,Sidi Bennour,Toute la ville,
Hyundai,Tucson,2021,Excellent,100 000 - 109 999,Automatic,6 CV,Diesel,"['ABS', 'Airbags', 'CD/MP3/Bluetooth', 'Rear Camera', 'Air Conditioning', 'ESP', 'Speed Limiter', 'Onboard Computer', 'Parking Sensors', 'Cruise Control', 'Navigation System/GPS', 'Electric Windows']",5.0,WW in Morocco,No,Kénitra,Bab Fès,278000.0
Hyundai,Santa Fe,2008,Very Good,250 000 - 299 999,Manual,9 CV,Diesel,"['Electric Windows', 'Alloy Wheels']",,WW in Morocco,,Salé,El Qaria,75000.0
Citroen,Xsara Picasso,2008,Very Good,170 000 - 179 999,Manual,6 CV,Diesel,"['ABS', 'Airbags', 'CD/MP3/Bluetooth', 'Air Conditioning', 'ESP', 'Alloy Wheels', 'Speed Limiter', 'Onboard Computer', 'Parking Sensors', 'Cruise Control', 'Electric Windows']",,WW in Morocco,No,Rabat,Hassan,72000.0
Citroen,C4 CACTUS,2022,Excellent,55 000 - 59 999,Manual,6 CV,Diesel,"['ABS', 'Airbags', 'CD/MP3/Bluetooth', 'Air Conditioning', 'Alloy Wheels', 'Speed Limiter', 'Parking Sensors', 'Cruise Control', 'Navigation System/GPS', 'Central Locking', 'Electric Windows']",,WW in Morocco,Yes,Casablanca,Ain Sebaa,
Porsche,Cayenne,2015,Excellent,160 000 - 169 999,Automatic,10 CV,Diesel,"['ABS', 'Airbags', 'CD/MP3/Bluetooth', 'Rear Camera', 'Air Conditioning', 'ESP', 'Speed Limiter', 'Onboard Computer', 'Parking Sensors', 'Cruise Control', 'Leather Seats', 'Navigation System/GPS', 'Sunroof', 'Central Locking', 'Electric Windows']",5.0,WW in Morocco,No,Casablanca,Belvédère,375000.0
Mercedes-Benz,Classe GLC,2024,New,0 - 4 999,Automatic,8 CV,Diesel,"['ABS', 'Airbags', 'Rear Camera', 'Air Conditioning', 'ESP', 'Alloy Wheels', 'Speed Limiter', 'Onboard Computer', 'Parking Sensors', 'Cruise Control', 'Leather Seats', 'Navigation System/GPS', 'Sunroof', 'Central Locking', 'Electric Windows']",5.0,Imported New,Yes,Rabat,Yacoub El Mansour,
Mercedes-Benz,220,1999,Very Good,200 000 - 249 999,Manual,8 CV,Diesel,"['Electric Windows', 'Electric Windows']",5.0,Customs-cleared car,Yes,Marrakech,Massira,60000.0
Audi,A4,2003,Good,140 000 - 149 999,Manual,8 CV,Diesel,"['Alloy Wheels', 'CD/MP3/Bluetooth']",5.0,Customs-cleared car,No,Casablanca,Sidi Bernoussi,68000.0
Peugeot,208,2017,New,95 000 - 99 999,Manual,6 CV,Diesel,"['Rear Camera', 'CD/MP3/Bluetooth']",5.0,WW in Morocco,No,Rabat,Agdal,123000.0
Volkswagen,GOLF 5,2005,Very Good,300 000 - 349 999,Manual,8 CV,Diesel,"['ABS', 'Airbags', 'Air Conditioning', 'ESP', 'Alloy Wheels', 'Central Locking', 'Electric Windows']",5.0,Customs-cleared car,No,El Kelâa des Sraghna,Toute la ville,70000.0
Ford,Fiesta,2012,Very Good,20 000 - 24 999,Manual,6 CV,Diesel,"['Airbags', 'Air Conditioning', 'Central Locking', 'Electric Windows']",5.0,WW in Morocco,No,Casablanca,Hay Mohammadi,98000.0
Mitsubishi,lancer,1999,Good,0 - 4 999,Automatic,7 CV,Petrol,['Electric Windows'],5.0,WW in Morocco,No,Marrakech,Route de Tamansourt,25000.0
Volkswagen,GOLF 3,1993,Excellent,190 000 - 199 999,Manual,8 CV,Diesel,"['Alloy Wheels', 'Electric Windows']",5.0,Customs-cleared car,No,Fès,Fes Jdid,42000.0
Hyundai,ix 35,2015,Excellent,200 000 - 249 999,Manual,7 CV,Diesel,"['ABS', 'Airbags', 'CD/MP3/Bluetooth', 'Rear Camera', 'Air Conditioning', 'ESP', 'Alloy Wheels', 'Speed Limiter', 'Onboard Computer', 'Parking Sensors', 'Cruise Control', 'Leather Seats', 'Central Locking']",5.0,WW in Morocco,No,Agadir,Other,
Renault,Clio,2018,Excellent,100 000 - 109 999,Manual,6 CV,Diesel,"['ABS', 'Airbags', 'CD/MP3/Bluetooth', 'Rear Camera', 'Air Conditioning', 'Alloy Wheels', 'Onboard Computer', 'Parking Sensors', 'Cruise Control', 'Navigation System/GPS', 'Central Locking', 'Electric Windows']",,,,Ksar el-Kebir,Toute la ville,125000.0
Opel,COMBO,2022,Excellent,45 000 - 49 999,Manual,6 CV,Diesel,"['ABS', 'CD/MP3/Bluetooth', 'Parking Sensors', 'Central Locking', 'Electric Windows']",,WW in Morocco,Yes,Kénitra,El Haddada,120000.0
Skoda,Kamiq,2021,Excellent,100 000 - 109 999,Manual,6 CV,Diesel,"['ABS', 'Airbags', 'CD/MP3/Bluetooth', 'Rear Camera', 'Air Conditioning', 'ESP', 'Speed Limiter', 'Onboard Computer', 'Parking Sensors', 'Cruise Control', 'Navigation System/GPS', 'Central Locking', 'Electric Windows']",5.0,WW in Morocco,Yes,Tanger,City Center,205000.0
Porsche,cayenne_coupe,2023,Excellent,15 000 - 19 999,Automatic,17 CV,Hybrid,"['ABS', 'Airbags', 'CD/MP3/Bluetooth', 'Rear Camera', 'Air Conditioning', 'ESP', 'Alloy Wheels', 'Speed Limiter', 'Onboard Computer', 'Parking Sensors', 'Leather Seats', 'Navigation System/GPS', 'Sunroof', 'Central Locking', 'Electric Windows']",5.0,Imported New,Yes,Casablanca,Californie,
Mercedes-Benz,Classe E,2018,Excellent,110 000 - 119 999,Automatic,8 CV,Diesel,"['Airbags', 'CD/MP3/Bluetooth', 'Rear Camera', 'Air Conditioning', 'ESP', 'Alloy Wheels', 'Speed Limiter', 'Onboard Computer', 'Parking Sensors', 'Cruise Control', 'Leather Seats', 'Navigation System/GPS', 'Sunroof', 'Central Locking', 'Electric Windows']",5.0,Imported New,No,Casablanca,2 Mars,440000.0
Peugeot,Partner,2003,Very Good,190 000 - 199 999,Manual,7 CV,Diesel,"['Leather Seats', 'Electric Windows']",5.0,,,Agadir,City Center,67000.0
Ford,Focus,2018,Excellent,95 000 - 99 999,Manual,6 CV,Diesel,"['ABS', 'Airbags', 'Rear Camera', 'Air Conditioning', 'ESP', 'Alloy Wheels', 'Speed Limiter', 'Onboard Computer', 'Parking Sensors', 'Cruise Control', 'Navigation System/GPS', 'Central Locking', 'Electric Windows']",5.0,WW in Morocco,No,El Jadida,Najd,165000.0
Fiat,tipo_hatchback,2021,Excellent,85 000 - 89 999,Automatic,6 CV,Diesel,"['ABS', 'CD/MP3/Bluetooth', 'Air Conditioning', 'ESP', 'Alloy Wheels', 'Speed Limiter', 'Onboard Computer', 'Parking Sensors', 'Cruise Control', 'Electric Windows']",5.0,WW in Morocco,No,Salé,Hay Chmaou,145000.0
Ford,Focus,2014,Excellent,190 000 - 199 999,Manual,6 CV,Diesel,"['ABS', 'Alloy Wheels', 'Speed Limiter', 'Parking Sensors', 'Cruise Control', 'Central Locking']",5.0,WW in Morocco,No,Fès,City Center,119000.0
Renault,Kangoo,2007,Good,0 - 4 999,Manual,7 CV,Diesel,"['Electric Windows', 'Alloy Wheels']",5.0,,,Jorf El Melha,Toute la ville,
Dacia,Sandero,2012,Very Good,200 000 - 249 999,Manual,6 CV,Diesel,"['Alloy Wheels', 'Leather Seats']",,WW in Morocco,No,Marrakech,Azzouzia,63000.0
Renault,Kangoo,2009,Good,400 000 - 449 999,Manual,7 CV,Diesel,"['Leather Seats', 'Rear Camera']",5.0,WW in Morocco,,Salé,Sala El Jadida,72000.0
Dacia,Logan,2014,Very Good,150 000 - 159 999,Manual,6 CV,Diesel,"['CD/MP3/Bluetooth', 'Rear Camera', 'Parking Sensors', 'Central Locking', 'Electric Windows']",5.0,WW in Morocco,Yes,Casablanca,Hay Moulay Rachid,77000.0
Volkswagen,Tiguan,2021,Excellent,50 000 - 54 999,Automatic,8 CV,Diesel,"['ABS', 'Airbags', 'CD/MP3/Bluetooth', 'Air Conditioning', 'ESP', 'Alloy Wheels', 'Speed Limiter', 'Onboard Computer', 'Parking Sensors', 'Cruise Control', 'Leather Seats', 'Navigation System/GPS', 'Sunroof', 'Central Locking', 'Electric Windows']",5.0,WW in Morocco,Yes,Rabat,Hay el Fath,
Peugeot,Partner,2012,,0 - 4 999,Manual,7 CV,Petrol,"['ABS', 'CD/MP3/Bluetooth', 'Rear Camera', 'Alloy Wheels', 'Parking Sensors', 'Leather Seats', 'Electric Windows']",5.0,,Yes,Marrakech,Massira 1,65000.0
Land Rover,Range Rover Evoque,2016,Excellent,120 000 - 129 999,Automatic,8 CV,Diesel,"['ABS', 'Airbags', 'CD/MP3/Bluetooth', 'Rear Camera', 'Air Conditioning', 'ESP', 'Alloy Wheels', 'Speed Limiter', 'Onboard Computer', 'Parking Sensors', 'Cruise Control', 'Leather Seats', 'Navigation System/GPS', 'Sunroof', 'Central Locking']",5.0,Imported New,Yes,Rabat,Hay Riad,300000.0
Volkswagen,Tiguan,2017,Very Good,140 000 - 149 999,Automatic,6 CV,Diesel,"['ABS', 'Airbags', 'CD/MP3/Bluetooth', 'Rear Camera', 'Air Conditioning', 'ESP', 'Alloy Wheels', 'Speed Limiter', 'Onboard Computer', 'Parking Sensors', 'Cruise Control', 'Electric Windows']",5.0,WW in Morocco,Yes,Casablanca,Maârif Extension,260000.0
Fiat,500,2022,Excellent,60 000 - 64 999,Automatic,7 CV,Petrol,"['Leather Seats', 'Rear Camera']",5.0,WW in Morocco,Yes,Casablanca,Anfa,125000.0
Volvo,XC60,2017,Excellent,180 000 - 189 999,Automatic,8 CV,Diesel,"['ABS', 'Airbags', 'CD/MP3/Bluetooth', 'Rear Camera', 'Air Conditioning', 'ESP', 'Alloy Wheels', 'Speed Limiter', 'Onboard Computer', 'Parking Sensors', 'Leather Seats', 'Central Locking', 'Electric Windows']",5.0,WW in Morocco,Yes,Tétouan,Other,170000.0
Audi,Q3,2024,New,0 - 4 999,Automatic,9 CV,Diesel,"['ABS', 'Airbags', 'CD/MP3/Bluetooth', 'Air Conditioning', 'ESP', 'Alloy Wheels', 'Speed Limiter', 'Onboard Computer', 'Parking Sensors', 'Cruise Control', 'Leather Seats', 'Navigation System/GPS', 'Sunroof', 'Central Locking', 'Electric Windows']",5.0,Imported New,Yes,Rabat,Other,
Hyundai,i 10,2012,Good,160 000 - 169 999,Manual,6 CV,Petrol,"['Electric Windows', 'Electric Windows']",5.0,Imported New,No,Larache,Toute la ville,53000.0
Dacia,Logan,2006,Very Good,15 000 - 19 999,Manual,8 CV,Petrol,"['Rear Camera', 'Rear Camera']",5.0,Customs-cleared car,No,Ait Melloul,,49000.0
Dacia,Lodgy,2022,Excellent,90 000 - 94 999,Manual,7 CV,Diesel,"['Alloy Wheels', 'Electric Windows']",5.0,WW in Morocco,No,Tétouan,Touilaa,148000.0
Mercedes-Benz,Classe C,2019,Excellent,100 000 - 109 999,Automatic,8 CV,Diesel,"['ABS', 'Airbags', 'CD/MP3/Bluetooth', 'Rear Camera', 'Air Conditioning', 'ESP', 'Alloy Wheels', 'Speed Limiter', 'Onboard Computer', 'Parking Sensors', 'Leather Seats', 'Navigation System/GPS', 'Sunroof', 'Central Locking', 'Electric Windows']",5.0,Imported New,Yes,Rabat,Hay el Fath,
Renault,Megane,1999,Very Good,30 000 - 34 999,Manual,6 CV,Diesel,"['CD/MP3/Bluetooth', 'Air Conditioning', 'Central Locking']",5.0,WW in Morocco,,Temara,Ain Atig,
Volkswagen,Passat,2013,,170 000 - 179 999,Automatic,8 CV,Diesel,"['ABS', 'Airbags', 'CD/MP3/Bluetooth', 'Air Conditioning', 'ESP', 'Alloy Wheels', 'Speed Limiter', 'Parking Sensors', 'Cruise Control', 'Navigation System/GPS', 'Central Locking', 'Electric Windows']",5.0,,No,El Jadida,City Center,120000.0
Dacia,sandero_streetway,2022,Excellent,130 000 - 139 999,Manual,6 CV,Diesel,"['ABS', 'Airbags', 'CD/MP3/Bluetooth', 'Air Conditioning', 'ESP', 'Alloy Wheels', 'Speed Limiter', 'Onboard Computer', 'Cruise Control', 'Navigation System/GPS', 'Central Locking', 'Electric Windows']",5.0,WW in Morocco,Yes,Casablanca,2 Mars,138000.0
